<?xml version="1.0" encoding="UTF-8"?>
<dataroot>
<People>
<FirstName>Ken</FirstName>
<MiddleName>J</MiddleName>
<LastName>Sánchez</LastName>
<LoginId>adventure-works\ken0</LoginId>
<JobTitle>Chief Executive Officer</JobTitle>
<Gender>M</Gender>
<HireDate>2003-02-15</HireDate>
<BirthDate>1963-03-02</BirthDate>
<OrganizationLevel>0</OrganizationLevel>
</People>
<People>
<FirstName>Terri</FirstName>
<MiddleName>Lee</MiddleName>
<LastName>Duffy</LastName>
<LoginId>adventure-works\terri0</LoginId>
<JobTitle>Vice President of Engineering</JobTitle>
<Gender>F</Gender>
<HireDate>2002-03-03</HireDate>
<BirthDate>1965-09-01</BirthDate>
<OrganizationLevel>1</OrganizationLevel>
</People>
<People>
<FirstName>Roberto</FirstName>
<LastName>Tamburello</LastName>
<LoginId>adventure-works\roberto0</LoginId>
<JobTitle>Engineering Manager</JobTitle>
<Gender>M</Gender>
<HireDate>2001-12-12</HireDate>
<BirthDate>1968-12-13</BirthDate>
<OrganizationLevel>2</OrganizationLevel>
</People>
<People>
<FirstName>Rob</FirstName>
<LastName>Walters</LastName>
<LoginId>adventure-works\rob0</LoginId>
<JobTitle>Senior Tool Designer</JobTitle>
<Gender>M</Gender>
<HireDate>2002-01-05</HireDate>
<BirthDate>1969-01-23</BirthDate>
<OrganizationLevel>3</OrganizationLevel>
</People>
<People>
<FirstName>Gail</FirstName>
<Title>Ms.</Title>
<MiddleName>A</MiddleName>
<LastName>Erickson</LastName>
<LoginId>adventure-works\gail0</LoginId>
<JobTitle>Design Engineer</JobTitle>
<Gender>F</Gender>
<HireDate>2002-02-06</HireDate>
<BirthDate>1946-10-29</BirthDate>
<OrganizationLevel>3</OrganizationLevel>
</People>
<People>
<FirstName>Jossef</FirstName>
<Title>Mr.</Title>
<MiddleName>H</MiddleName>
<LastName>Goldberg</LastName>
<LoginId>adventure-works\jossef0</LoginId>
<JobTitle>Design Engineer</JobTitle>
<Gender>M</Gender>
<HireDate>2002-02-24</HireDate>
<BirthDate>1953-04-11</BirthDate>
<OrganizationLevel>3</OrganizationLevel>
</People>
<People>
<FirstName>Dylan</FirstName>
<MiddleName>A</MiddleName>
<LastName>Miller</LastName>
<LoginId>adventure-works\dylan0</LoginId>
<JobTitle>Research and Development Manager</JobTitle>
<Gender>M</Gender>
<HireDate>2003-03-12</HireDate>
<BirthDate>1981-03-27</BirthDate>
<OrganizationLevel>3</OrganizationLevel>
</People>
<People>
<FirstName>Diane</FirstName>
<MiddleName>L</MiddleName>
<LastName>Margheim</LastName>
<LoginId>adventure-works\diane1</LoginId>
<JobTitle>Research and Development Engineer</JobTitle>
<Gender>F</Gender>
<HireDate>2003-01-30</HireDate>
<BirthDate>1980-07-06</BirthDate>
<OrganizationLevel>4</OrganizationLevel>
</People>
<People>
<FirstName>Gigi</FirstName>
<MiddleName>N</MiddleName>
<LastName>Matthew</LastName>
<LoginId>adventure-works\gigi0</LoginId>
<JobTitle>Research and Development Engineer</JobTitle>
<Gender>F</Gender>
<HireDate>2003-02-17</HireDate>
<BirthDate>1973-02-21</BirthDate>
<OrganizationLevel>4</OrganizationLevel>
</People>
<People>
<FirstName>Michael</FirstName>
<LastName>Raheem</LastName>
<LoginId>adventure-works\michael6</LoginId>
<JobTitle>Research and Development Manager</JobTitle>
<Gender>M</Gender>
<HireDate>2003-06-04</HireDate>
<BirthDate>1979-01-01</BirthDate>
<OrganizationLevel>4</OrganizationLevel>
</People>
<People>
<FirstName>Ovidiu</FirstName>
<MiddleName>V</MiddleName>
<LastName>Cracium</LastName>
<LoginId>adventure-works\ovidiu0</LoginId>
<JobTitle>Senior Tool Designer</JobTitle>
<Gender>M</Gender>
<HireDate>2005-01-05</HireDate>
<BirthDate>1972-02-18</BirthDate>
<OrganizationLevel>3</OrganizationLevel>
</People>
<People>
<FirstName>Thierry</FirstName>
<MiddleName>B</MiddleName>
<LastName>D&apos;Hers</LastName>
<LoginId>adventure-works\thierry0</LoginId>
<JobTitle>Tool Designer</JobTitle>
<Gender>M</Gender>
<HireDate>2002-01-11</HireDate>
<BirthDate>1953-08-29</BirthDate>
<OrganizationLevel>4</OrganizationLevel>
</People>
<People>
<FirstName>Janice</FirstName>
<Title>Ms.</Title>
<MiddleName>M</MiddleName>
<LastName>Galvin</LastName>
<LoginId>adventure-works\janice0</LoginId>
<JobTitle>Tool Designer</JobTitle>
<Gender>F</Gender>
<HireDate>2005-01-23</HireDate>
<BirthDate>1983-06-29</BirthDate>
<OrganizationLevel>4</OrganizationLevel>
</People>
<People>
<FirstName>Michael</FirstName>
<MiddleName>I</MiddleName>
<LastName>Sullivan</LastName>
<LoginId>adventure-works\michael8</LoginId>
<JobTitle>Senior Design Engineer</JobTitle>
<Gender>M</Gender>
<HireDate>2005-01-30</HireDate>
<BirthDate>1973-07-17</BirthDate>
<OrganizationLevel>3</OrganizationLevel>
</People>
<People>
<FirstName>Sharon</FirstName>
<MiddleName>B</MiddleName>
<LastName>Salavaria</LastName>
<LoginId>adventure-works\sharon0</LoginId>
<JobTitle>Design Engineer</JobTitle>
<Gender>F</Gender>
<HireDate>2005-02-18</HireDate>
<BirthDate>1955-06-03</BirthDate>
<OrganizationLevel>3</OrganizationLevel>
</People>
<People>
<FirstName>David</FirstName>
<MiddleName>M</MiddleName>
<LastName>Bradley</LastName>
<LoginId>adventure-works\david0</LoginId>
<JobTitle>Marketing Manager</JobTitle>
<Gender>M</Gender>
<HireDate>2002-01-20</HireDate>
<BirthDate>1969-04-19</BirthDate>
<OrganizationLevel>1</OrganizationLevel>
</People>
<People>
<FirstName>Kevin</FirstName>
<MiddleName>F</MiddleName>
<LastName>Brown</LastName>
<LoginId>adventure-works\kevin0</LoginId>
<JobTitle>Marketing Assistant</JobTitle>
<Gender>M</Gender>
<HireDate>2001-02-26</HireDate>
<BirthDate>1981-06-03</BirthDate>
<OrganizationLevel>2</OrganizationLevel>
</People>
<People>
<FirstName>John</FirstName>
<MiddleName>L</MiddleName>
<LastName>Wood</LastName>
<LoginId>adventure-works\john5</LoginId>
<JobTitle>Marketing Specialist</JobTitle>
<Gender>M</Gender>
<HireDate>2005-03-10</HireDate>
<BirthDate>1972-04-06</BirthDate>
<OrganizationLevel>2</OrganizationLevel>
</People>
<People>
<FirstName>Mary</FirstName>
<MiddleName>A</MiddleName>
<LastName>Dempsey</LastName>
<LoginId>adventure-works\mary2</LoginId>
<JobTitle>Marketing Assistant</JobTitle>
<Gender>F</Gender>
<HireDate>2005-03-17</HireDate>
<BirthDate>1972-03-01</BirthDate>
<OrganizationLevel>2</OrganizationLevel>
</People>
<People>
<FirstName>Wanida</FirstName>
<MiddleName>M</MiddleName>
<LastName>Benshoof</LastName>
<LoginId>adventure-works\wanida0</LoginId>
<JobTitle>Marketing Assistant</JobTitle>
<Gender>F</Gender>
<HireDate>2005-02-07</HireDate>
<BirthDate>1969-04-17</BirthDate>
<OrganizationLevel>2</OrganizationLevel>
</People>
<People>
<FirstName>Terry</FirstName>
<MiddleName>J</MiddleName>
<LastName>Eminhizer</LastName>
<LoginId>adventure-works\terry0</LoginId>
<JobTitle>Marketing Specialist</JobTitle>
<Gender>M</Gender>
<HireDate>2003-04-03</HireDate>
<BirthDate>1980-03-07</BirthDate>
<OrganizationLevel>2</OrganizationLevel>
</People>
<People>
<FirstName>Sariya</FirstName>
<MiddleName>E</MiddleName>
<LastName>Harnpadoungsataya</LastName>
<LoginId>adventure-works\sariya0</LoginId>
<JobTitle>Marketing Specialist</JobTitle>
<Gender>M</Gender>
<HireDate>2003-01-13</HireDate>
<BirthDate>1981-06-21</BirthDate>
<OrganizationLevel>2</OrganizationLevel>
</People>
<People>
<FirstName>Mary</FirstName>
<MiddleName>E</MiddleName>
<LastName>Gibson</LastName>
<LoginId>adventure-works\mary0</LoginId>
<JobTitle>Marketing Specialist</JobTitle>
<Gender>F</Gender>
<HireDate>2003-02-13</HireDate>
<BirthDate>1956-10-14</BirthDate>
<OrganizationLevel>2</OrganizationLevel>
</People>
<People>
<FirstName>Jill</FirstName>
<Title>Ms.</Title>
<MiddleName>A</MiddleName>
<LastName>Williams</LastName>
<LoginId>adventure-works\jill0</LoginId>
<JobTitle>Marketing Specialist</JobTitle>
<Gender>F</Gender>
<HireDate>2003-02-19</HireDate>
<BirthDate>1973-07-19</BirthDate>
<OrganizationLevel>2</OrganizationLevel>
</People>
<People>
<FirstName>James</FirstName>
<MiddleName>R</MiddleName>
<LastName>Hamilton</LastName>
<LoginId>adventure-works\james1</LoginId>
<JobTitle>Vice President of Production</JobTitle>
<Gender>M</Gender>
<HireDate>2003-03-07</HireDate>
<BirthDate>1977-02-07</BirthDate>
<OrganizationLevel>1</OrganizationLevel>
</People>
<People>
<FirstName>Peter</FirstName>
<MiddleName>J</MiddleName>
<LastName>Krebs</LastName>
<LoginId>adventure-works\peter0</LoginId>
<JobTitle>Production Control Manager</JobTitle>
<Gender>M</Gender>
<HireDate>2003-01-02</HireDate>
<BirthDate>1976-12-04</BirthDate>
<OrganizationLevel>2</OrganizationLevel>
</People>
<People>
<FirstName>Jo</FirstName>
<MiddleName>A</MiddleName>
<LastName>Brown</LastName>
<LoginId>adventure-works\jo0</LoginId>
<JobTitle>Production Supervisor - WC60</JobTitle>
<Gender>F</Gender>
<HireDate>2002-03-30</HireDate>
<BirthDate>1950-11-09</BirthDate>
<OrganizationLevel>3</OrganizationLevel>
</People>
<People>
<FirstName>Guy</FirstName>
<MiddleName>R</MiddleName>
<LastName>Gilbert</LastName>
<LoginId>adventure-works\guy1</LoginId>
<JobTitle>Production Technician - WC60</JobTitle>
<Gender>M</Gender>
<HireDate>2000-07-31</HireDate>
<BirthDate>1976-05-15</BirthDate>
<OrganizationLevel>4</OrganizationLevel>
</People>
<People>
<FirstName>Mark</FirstName>
<MiddleName>K</MiddleName>
<LastName>McArthur</LastName>
<LoginId>adventure-works\mark1</LoginId>
<JobTitle>Production Technician - WC60</JobTitle>
<Gender>M</Gender>
<HireDate>2003-02-24</HireDate>
<BirthDate>1973-10-26</BirthDate>
<OrganizationLevel>4</OrganizationLevel>
</People>
<People>
<FirstName>Britta</FirstName>
<MiddleName>L</MiddleName>
<LastName>Simon</LastName>
<LoginId>adventure-works\britta0</LoginId>
<JobTitle>Production Technician - WC60</JobTitle>
<Gender>F</Gender>
<HireDate>2003-03-02</HireDate>
<BirthDate>1983-10-30</BirthDate>
<OrganizationLevel>4</OrganizationLevel>
</People>
<People>
<FirstName>Margie</FirstName>
<MiddleName>W</MiddleName>
<LastName>Shoop</LastName>
<LoginId>adventure-works\margie0</LoginId>
<JobTitle>Production Technician - WC60</JobTitle>
<Gender>F</Gender>
<HireDate>2003-02-05</HireDate>
<BirthDate>1980-06-20</BirthDate>
<OrganizationLevel>4</OrganizationLevel>
</People>
<People>
<FirstName>Rebecca</FirstName>
<MiddleName>A</MiddleName>
<LastName>Laszlo</LastName>
<LoginId>adventure-works\rebecca0</LoginId>
<JobTitle>Production Technician - WC60</JobTitle>
<Gender>F</Gender>
<HireDate>2003-01-30</HireDate>
<BirthDate>1971-08-11</BirthDate>
<OrganizationLevel>4</OrganizationLevel>
</People>
<People>
<FirstName>Annik</FirstName>
<MiddleName>O</MiddleName>
<LastName>Stahl</LastName>
<LoginId>adventure-works\annik0</LoginId>
<JobTitle>Production Technician - WC60</JobTitle>
<Gender>M</Gender>
<HireDate>2003-01-18</HireDate>
<BirthDate>1971-01-27</BirthDate>
<OrganizationLevel>4</OrganizationLevel>
</People>
<People>
<FirstName>Suchitra</FirstName>
<MiddleName>O</MiddleName>
<LastName>Mohan</LastName>
<LoginId>adventure-works\suchitra0</LoginId>
<JobTitle>Production Technician - WC60</JobTitle>
<Gender>F</Gender>
<HireDate>2003-03-20</HireDate>
<BirthDate>1981-07-11</BirthDate>
<OrganizationLevel>4</OrganizationLevel>
</People>
<People>
<FirstName>Brandon</FirstName>
<MiddleName>G</MiddleName>
<LastName>Heidepriem</LastName>
<LoginId>adventure-works\brandon0</LoginId>
<JobTitle>Production Technician - WC60</JobTitle>
<Gender>M</Gender>
<HireDate>2003-03-12</HireDate>
<BirthDate>1971-02-11</BirthDate>
<OrganizationLevel>4</OrganizationLevel>
</People>
<People>
<FirstName>Jose</FirstName>
<MiddleName>R</MiddleName>
<LastName>Lugo</LastName>
<LoginId>adventure-works\jose0</LoginId>
<JobTitle>Production Technician - WC60</JobTitle>
<Gender>M</Gender>
<HireDate>2003-03-14</HireDate>
<BirthDate>1978-09-01</BirthDate>
<OrganizationLevel>4</OrganizationLevel>
</People>
<People>
<FirstName>Chris</FirstName>
<MiddleName>O</MiddleName>
<LastName>Okelberry</LastName>
<LoginId>adventure-works\chris2</LoginId>
<JobTitle>Production Technician - WC60</JobTitle>
<Gender>M</Gender>
<HireDate>2003-04-08</HireDate>
<BirthDate>1980-09-07</BirthDate>
<OrganizationLevel>4</OrganizationLevel>
</People>
<People>
<FirstName>Kim</FirstName>
<MiddleName>B</MiddleName>
<LastName>Abercrombie</LastName>
<LoginId>adventure-works\kim1</LoginId>
<JobTitle>Production Technician - WC60</JobTitle>
<Gender>F</Gender>
<HireDate>2004-02-17</HireDate>
<BirthDate>1961-01-14</BirthDate>
<OrganizationLevel>4</OrganizationLevel>
</People>
<People>
<FirstName>Ed</FirstName>
<MiddleName>R</MiddleName>
<LastName>Dudenhoefer</LastName>
<LoginId>adventure-works\ed0</LoginId>
<JobTitle>Production Technician - WC60</JobTitle>
<Gender>M</Gender>
<HireDate>2004-03-08</HireDate>
<BirthDate>1965-10-12</BirthDate>
<OrganizationLevel>4</OrganizationLevel>
</People>
<People>
<FirstName>JoLynn</FirstName>
<MiddleName>M</MiddleName>
<LastName>Dobney</LastName>
<LoginId>adventure-works\jolynn0</LoginId>
<JobTitle>Production Supervisor - WC60</JobTitle>
<Gender>F</Gender>
<HireDate>2002-01-26</HireDate>
<BirthDate>1950-02-16</BirthDate>
<OrganizationLevel>3</OrganizationLevel>
</People>
<People>
<FirstName>Bryan</FirstName>
<LastName>Baker</LastName>
<LoginId>adventure-works\bryan0</LoginId>
<JobTitle>Production Technician - WC60</JobTitle>
<Gender>M</Gender>
<HireDate>2003-02-22</HireDate>
<BirthDate>1967-09-28</BirthDate>
<OrganizationLevel>4</OrganizationLevel>
</People>
<People>
<FirstName>James</FirstName>
<MiddleName>D</MiddleName>
<LastName>Kramer</LastName>
<LoginId>adventure-works\james0</LoginId>
<JobTitle>Production Technician - WC60</JobTitle>
<Gender>M</Gender>
<HireDate>2003-01-28</HireDate>
<BirthDate>1978-08-26</BirthDate>
<OrganizationLevel>4</OrganizationLevel>
</People>
<People>
<FirstName>Nancy</FirstName>
<MiddleName>A</MiddleName>
<LastName>Anderson</LastName>
<LoginId>adventure-works\nancy0</LoginId>
<JobTitle>Production Technician - WC60</JobTitle>
<Gender>F</Gender>
<HireDate>2003-02-03</HireDate>
<BirthDate>1982-12-21</BirthDate>
<OrganizationLevel>4</OrganizationLevel>
</People>
<People>
<FirstName>Simon</FirstName>
<MiddleName>D</MiddleName>
<LastName>Rapier</LastName>
<LoginId>adventure-works\simon0</LoginId>
<JobTitle>Production Technician - WC60</JobTitle>
<Gender>M</Gender>
<HireDate>2003-01-09</HireDate>
<BirthDate>1984-06-17</BirthDate>
<OrganizationLevel>4</OrganizationLevel>
</People>
<People>
<FirstName>Thomas</FirstName>
<MiddleName>R</MiddleName>
<LastName>Michaels</LastName>
<LoginId>adventure-works\thomas0</LoginId>
<JobTitle>Production Technician - WC60</JobTitle>
<Gender>M</Gender>
<HireDate>2003-03-30</HireDate>
<BirthDate>1980-02-11</BirthDate>
<OrganizationLevel>4</OrganizationLevel>
</People>
<People>
<FirstName>Eugene</FirstName>
<MiddleName>O</MiddleName>
<LastName>Kogan</LastName>
<LoginId>adventure-works\eugene1</LoginId>
<JobTitle>Production Technician - WC60</JobTitle>
<Gender>M</Gender>
<HireDate>2003-03-12</HireDate>
<BirthDate>1970-03-13</BirthDate>
<OrganizationLevel>4</OrganizationLevel>
</People>
<People>
<FirstName>Andrew</FirstName>
<MiddleName>R</MiddleName>
<LastName>Hill</LastName>
<LoginId>adventure-works\andrew0</LoginId>
<JobTitle>Production Supervisor - WC10</JobTitle>
<Gender>M</Gender>
<HireDate>2003-03-26</HireDate>
<BirthDate>1982-10-08</BirthDate>
<OrganizationLevel>3</OrganizationLevel>
</People>
<People>
<FirstName>Ruth</FirstName>
<MiddleName>Ann</MiddleName>
<LastName>Ellerbrock</LastName>
<LoginId>adventure-works\ruth0</LoginId>
<JobTitle>Production Technician - WC10</JobTitle>
<Gender>F</Gender>
<HireDate>2002-02-06</HireDate>
<BirthDate>1950-07-06</BirthDate>
<OrganizationLevel>4</OrganizationLevel>
</People>
<People>
<FirstName>Barry</FirstName>
<MiddleName>K</MiddleName>
<LastName>Johnson</LastName>
<LoginId>adventure-works\barry0</LoginId>
<JobTitle>Production Technician - WC10</JobTitle>
<Gender>M</Gender>
<HireDate>2002-02-07</HireDate>
<BirthDate>1950-04-27</BirthDate>
<OrganizationLevel>4</OrganizationLevel>
</People>
<People>
<FirstName>Sidney</FirstName>
<MiddleName>M</MiddleName>
<LastName>Higa</LastName>
<LoginId>adventure-works\sidney0</LoginId>
<JobTitle>Production Technician - WC10</JobTitle>
<Gender>M</Gender>
<HireDate>2002-03-05</HireDate>
<BirthDate>1950-10-01</BirthDate>
<OrganizationLevel>4</OrganizationLevel>
</People>
<People>
<FirstName>Jeffrey</FirstName>
<MiddleName>L</MiddleName>
<LastName>Ford</LastName>
<LoginId>adventure-works\jeffrey0</LoginId>
<JobTitle>Production Technician - WC10</JobTitle>
<Gender>M</Gender>
<HireDate>2002-03-23</HireDate>
<BirthDate>1950-08-12</BirthDate>
<OrganizationLevel>4</OrganizationLevel>
</People>
<People>
<FirstName>Doris</FirstName>
<MiddleName>M</MiddleName>
<LastName>Hartwig</LastName>
<LoginId>adventure-works\doris0</LoginId>
<JobTitle>Production Technician - WC10</JobTitle>
<Gender>F</Gender>
<HireDate>2002-04-11</HireDate>
<BirthDate>1950-05-06</BirthDate>
<OrganizationLevel>4</OrganizationLevel>
</People>
<People>
<FirstName>Diane</FirstName>
<MiddleName>R</MiddleName>
<LastName>Glimp</LastName>
<LoginId>adventure-works\diane0</LoginId>
<JobTitle>Production Technician - WC10</JobTitle>
<Gender>F</Gender>
<HireDate>2002-04-29</HireDate>
<BirthDate>1950-04-30</BirthDate>
<OrganizationLevel>4</OrganizationLevel>
</People>
<People>
<FirstName>Bonnie</FirstName>
<MiddleName>N</MiddleName>
<LastName>Kearney</LastName>
<LoginId>adventure-works\bonnie0</LoginId>
<JobTitle>Production Technician - WC10</JobTitle>
<Gender>F</Gender>
<HireDate>2004-02-02</HireDate>
<BirthDate>1980-10-11</BirthDate>
<OrganizationLevel>4</OrganizationLevel>
</People>
<People>
<FirstName>Taylor</FirstName>
<MiddleName>R</MiddleName>
<LastName>Maxwell</LastName>
<LoginId>adventure-works\taylor0</LoginId>
<JobTitle>Production Supervisor - WC50</JobTitle>
<Gender>M</Gender>
<HireDate>2002-03-11</HireDate>
<BirthDate>1950-05-03</BirthDate>
<OrganizationLevel>3</OrganizationLevel>
</People>
<People>
<FirstName>Denise</FirstName>
<MiddleName>H</MiddleName>
<LastName>Smith</LastName>
<LoginId>adventure-works\denise0</LoginId>
<JobTitle>Production Technician - WC50</JobTitle>
<Gender>F</Gender>
<HireDate>2003-03-09</HireDate>
<BirthDate>1982-08-07</BirthDate>
<OrganizationLevel>4</OrganizationLevel>
</People>
<People>
<FirstName>Frank</FirstName>
<MiddleName>T</MiddleName>
<LastName>Miller</LastName>
<LoginId>adventure-works\frank1</LoginId>
<JobTitle>Production Technician - WC50</JobTitle>
<Gender>M</Gender>
<HireDate>2003-03-27</HireDate>
<BirthDate>1965-08-24</BirthDate>
<OrganizationLevel>4</OrganizationLevel>
</People>
<People>
<FirstName>Kendall</FirstName>
<MiddleName>C</MiddleName>
<LastName>Keil</LastName>
<LoginId>adventure-works\kendall0</LoginId>
<JobTitle>Production Technician - WC50</JobTitle>
<Gender>M</Gender>
<HireDate>2003-01-06</HireDate>
<BirthDate>1980-06-30</BirthDate>
<OrganizationLevel>4</OrganizationLevel>
</People>
<People>
<FirstName>Bob</FirstName>
<MiddleName>N</MiddleName>
<LastName>Hohman</LastName>
<LoginId>adventure-works\bob0</LoginId>
<JobTitle>Production Technician - WC50</JobTitle>
<Gender>M</Gender>
<HireDate>2003-01-25</HireDate>
<BirthDate>1973-09-16</BirthDate>
<OrganizationLevel>4</OrganizationLevel>
</People>
<People>
<FirstName>Pete</FirstName>
<MiddleName>C</MiddleName>
<LastName>Male</LastName>
<LoginId>adventure-works\pete0</LoginId>
<JobTitle>Production Technician - WC50</JobTitle>
<Gender>M</Gender>
<HireDate>2003-02-12</HireDate>
<BirthDate>1971-03-07</BirthDate>
<OrganizationLevel>4</OrganizationLevel>
</People>
<People>
<FirstName>Diane</FirstName>
<MiddleName>H</MiddleName>
<LastName>Tibbott</LastName>
<LoginId>adventure-works\diane2</LoginId>
<JobTitle>Production Technician - WC50</JobTitle>
<Gender>F</Gender>
<HireDate>2003-02-19</HireDate>
<BirthDate>1983-09-10</BirthDate>
<OrganizationLevel>4</OrganizationLevel>
</People>
<People>
<FirstName>John</FirstName>
<MiddleName>T</MiddleName>
<LastName>Campbell</LastName>
<LoginId>adventure-works\john0</LoginId>
<JobTitle>Production Supervisor - WC60</JobTitle>
<Gender>M</Gender>
<HireDate>2002-04-18</HireDate>
<BirthDate>1950-09-08</BirthDate>
<OrganizationLevel>3</OrganizationLevel>
</People>
<People>
<FirstName>Maciej</FirstName>
<MiddleName>W</MiddleName>
<LastName>Dusza</LastName>
<LoginId>adventure-works\maciej0</LoginId>
<JobTitle>Production Technician - WC60</JobTitle>
<Gender>M</Gender>
<HireDate>2004-03-01</HireDate>
<BirthDate>1949-03-02</BirthDate>
<OrganizationLevel>4</OrganizationLevel>
</People>
<People>
<FirstName>Michael</FirstName>
<MiddleName>J</MiddleName>
<LastName>Zwilling</LastName>
<LoginId>adventure-works\michael7</LoginId>
<JobTitle>Production Technician - WC60</JobTitle>
<Gender>M</Gender>
<HireDate>2004-03-26</HireDate>
<BirthDate>1967-10-07</BirthDate>
<OrganizationLevel>4</OrganizationLevel>
</People>
<People>
<FirstName>Randy</FirstName>
<MiddleName>T</MiddleName>
<LastName>Reeves</LastName>
<LoginId>adventure-works\randy0</LoginId>
<JobTitle>Production Technician - WC60</JobTitle>
<Gender>M</Gender>
<HireDate>2004-03-26</HireDate>
<BirthDate>1964-05-29</BirthDate>
<OrganizationLevel>4</OrganizationLevel>
</People>
<People>
<FirstName>Karan</FirstName>
<MiddleName>R</MiddleName>
<LastName>Khanna</LastName>
<LoginId>adventure-works\karan0</LoginId>
<JobTitle>Production Technician - WC60</JobTitle>
<Gender>M</Gender>
<HireDate>2004-01-23</HireDate>
<BirthDate>1964-04-07</BirthDate>
<OrganizationLevel>4</OrganizationLevel>
</People>
<People>
<FirstName>Jay</FirstName>
<MiddleName>G</MiddleName>
<LastName>Adams</LastName>
<LoginId>adventure-works\jay0</LoginId>
<JobTitle>Production Technician - WC60</JobTitle>
<Gender>M</Gender>
<HireDate>2003-04-06</HireDate>
<BirthDate>1970-03-14</BirthDate>
<OrganizationLevel>4</OrganizationLevel>
</People>
<People>
<FirstName>Charles</FirstName>
<MiddleName>B</MiddleName>
<LastName>Fitzgerald</LastName>
<LoginId>adventure-works\charles0</LoginId>
<JobTitle>Production Technician - WC60</JobTitle>
<Gender>M</Gender>
<HireDate>2004-01-04</HireDate>
<BirthDate>1965-10-03</BirthDate>
<OrganizationLevel>4</OrganizationLevel>
</People>
<People>
<FirstName>Steve</FirstName>
<MiddleName>F</MiddleName>
<LastName>Masters</LastName>
<LoginId>adventure-works\steve0</LoginId>
<JobTitle>Production Technician - WC60</JobTitle>
<Gender>M</Gender>
<HireDate>2003-03-19</HireDate>
<BirthDate>1985-05-07</BirthDate>
<OrganizationLevel>4</OrganizationLevel>
</People>
<People>
<FirstName>David</FirstName>
<MiddleName>J</MiddleName>
<LastName>Ortiz</LastName>
<LoginId>adventure-works\david2</LoginId>
<JobTitle>Production Technician - WC60</JobTitle>
<Gender>M</Gender>
<HireDate>2003-01-16</HireDate>
<BirthDate>1979-01-30</BirthDate>
<OrganizationLevel>4</OrganizationLevel>
</People>
<People>
<FirstName>Michael</FirstName>
<MiddleName>Sean</MiddleName>
<LastName>Ray</LastName>
<LoginId>adventure-works\michael3</LoginId>
<JobTitle>Production Supervisor - WC30</JobTitle>
<Gender>M</Gender>
<HireDate>2003-03-19</HireDate>
<BirthDate>1983-03-02</BirthDate>
<OrganizationLevel>3</OrganizationLevel>
</People>
<People>
<FirstName>Steven</FirstName>
<MiddleName>T</MiddleName>
<LastName>Selikoff</LastName>
<LoginId>adventure-works\steven0</LoginId>
<JobTitle>Production Technician - WC30</JobTitle>
<Gender>M</Gender>
<HireDate>2003-01-02</HireDate>
<BirthDate>1971-06-15</BirthDate>
<OrganizationLevel>4</OrganizationLevel>
</People>
<People>
<FirstName>Carole</FirstName>
<MiddleName>M</MiddleName>
<LastName>Poland</LastName>
<LoginId>adventure-works\carole0</LoginId>
<JobTitle>Production Technician - WC30</JobTitle>
<Gender>F</Gender>
<HireDate>2003-01-20</HireDate>
<BirthDate>1977-11-19</BirthDate>
<OrganizationLevel>4</OrganizationLevel>
</People>
<People>
<FirstName>Bjorn</FirstName>
<MiddleName>M</MiddleName>
<LastName>Rettig</LastName>
<LoginId>adventure-works\bjorn0</LoginId>
<JobTitle>Production Technician - WC30</JobTitle>
<Gender>M</Gender>
<HireDate>2003-02-08</HireDate>
<BirthDate>1983-12-08</BirthDate>
<OrganizationLevel>4</OrganizationLevel>
</People>
<People>
<FirstName>Michiko</FirstName>
<MiddleName>F</MiddleName>
<LastName>Osada</LastName>
<LoginId>adventure-works\michiko0</LoginId>
<JobTitle>Production Technician - WC30</JobTitle>
<Gender>M</Gender>
<HireDate>2003-02-27</HireDate>
<BirthDate>1976-07-28</BirthDate>
<OrganizationLevel>4</OrganizationLevel>
</People>
<People>
<FirstName>Carol</FirstName>
<MiddleName>M</MiddleName>
<LastName>Philips</LastName>
<LoginId>adventure-works\carol0</LoginId>
<JobTitle>Production Technician - WC30</JobTitle>
<Gender>F</Gender>
<HireDate>2003-03-16</HireDate>
<BirthDate>1982-11-18</BirthDate>
<OrganizationLevel>4</OrganizationLevel>
</People>
<People>
<FirstName>Merav</FirstName>
<MiddleName>A</MiddleName>
<LastName>Netz</LastName>
<LoginId>adventure-works\merav0</LoginId>
<JobTitle>Production Technician - WC30</JobTitle>
<Gender>F</Gender>
<HireDate>2003-04-04</HireDate>
<BirthDate>1977-06-13</BirthDate>
<OrganizationLevel>4</OrganizationLevel>
</People>
<People>
<FirstName>Reuben</FirstName>
<MiddleName>H</MiddleName>
<LastName>D&apos;sa</LastName>
<LoginId>adventure-works\reuben0</LoginId>
<JobTitle>Production Supervisor - WC40</JobTitle>
<Gender>M</Gender>
<HireDate>2003-01-16</HireDate>
<BirthDate>1981-09-27</BirthDate>
<OrganizationLevel>3</OrganizationLevel>
</People>
<People>
<FirstName>Eric</FirstName>
<MiddleName>L</MiddleName>
<LastName>Brown</LastName>
<LoginId>adventure-works\eric1</LoginId>
<JobTitle>Production Technician - WC40</JobTitle>
<Gender>M</Gender>
<HireDate>2004-02-25</HireDate>
<BirthDate>1961-01-08</BirthDate>
<OrganizationLevel>4</OrganizationLevel>
</People>
<People>
<FirstName>Sandeep</FirstName>
<MiddleName>P</MiddleName>
<LastName>Kaliyath</LastName>
<LoginId>adventure-works\sandeep0</LoginId>
<JobTitle>Production Technician - WC40</JobTitle>
<Gender>M</Gender>
<HireDate>2004-02-18</HireDate>
<BirthDate>1965-01-03</BirthDate>
<OrganizationLevel>4</OrganizationLevel>
</People>
<People>
<FirstName>Mihail</FirstName>
<MiddleName>U</MiddleName>
<LastName>Frintu</LastName>
<LoginId>adventure-works\mihail0</LoginId>
<JobTitle>Production Technician - WC40</JobTitle>
<Gender>M</Gender>
<HireDate>2004-01-30</HireDate>
<BirthDate>1965-04-09</BirthDate>
<OrganizationLevel>4</OrganizationLevel>
</People>
<People>
<FirstName>Jack</FirstName>
<MiddleName>T</MiddleName>
<LastName>Creasey</LastName>
<LoginId>adventure-works\jack1</LoginId>
<JobTitle>Production Technician - WC40</JobTitle>
<Gender>M</Gender>
<HireDate>2004-04-03</HireDate>
<BirthDate>1967-09-30</BirthDate>
<OrganizationLevel>4</OrganizationLevel>
</People>
<People>
<FirstName>Patrick</FirstName>
<MiddleName>M</MiddleName>
<LastName>Cook</LastName>
<LoginId>adventure-works\patrick1</LoginId>
<JobTitle>Production Technician - WC40</JobTitle>
<Gender>M</Gender>
<HireDate>2004-03-15</HireDate>
<BirthDate>1968-01-24</BirthDate>
<OrganizationLevel>4</OrganizationLevel>
</People>
<People>
<FirstName>Frank</FirstName>
<MiddleName>R</MiddleName>
<LastName>Martinez</LastName>
<LoginId>adventure-works\frank3</LoginId>
<JobTitle>Production Technician - WC40</JobTitle>
<Gender>M</Gender>
<HireDate>2004-03-08</HireDate>
<BirthDate>1946-04-03</BirthDate>
<OrganizationLevel>4</OrganizationLevel>
</People>
<People>
<FirstName>Brian</FirstName>
<MiddleName>Richard</MiddleName>
<LastName>Goldstein</LastName>
<LoginId>adventure-works\brian2</LoginId>
<JobTitle>Production Technician - WC40</JobTitle>
<Gender>M</Gender>
<HireDate>2004-01-12</HireDate>
<BirthDate>1965-01-23</BirthDate>
<OrganizationLevel>4</OrganizationLevel>
</People>
<People>
<FirstName>Ryan</FirstName>
<MiddleName>L</MiddleName>
<LastName>Cornelsen</LastName>
<LoginId>adventure-works\ryan0</LoginId>
<JobTitle>Production Technician - WC40</JobTitle>
<Gender>M</Gender>
<HireDate>2003-02-06</HireDate>
<BirthDate>1966-07-15</BirthDate>
<OrganizationLevel>4</OrganizationLevel>
</People>
<People>
<FirstName>Cristian</FirstName>
<MiddleName>K</MiddleName>
<LastName>Petculescu</LastName>
<LoginId>adventure-works\cristian0</LoginId>
<JobTitle>Production Supervisor - WC10</JobTitle>
<Gender>M</Gender>
<HireDate>2003-01-23</HireDate>
<BirthDate>1978-05-13</BirthDate>
<OrganizationLevel>3</OrganizationLevel>
</People>
<People>
<FirstName>Betsy</FirstName>
<MiddleName>A</MiddleName>
<LastName>Stadick</LastName>
<LoginId>adventure-works\betsy0</LoginId>
<JobTitle>Production Technician - WC10</JobTitle>
<Gender>F</Gender>
<HireDate>2004-01-19</HireDate>
<BirthDate>1961-01-17</BirthDate>
<OrganizationLevel>4</OrganizationLevel>
</People>
<People>
<FirstName>Patrick</FirstName>
<MiddleName>C</MiddleName>
<LastName>Wedge</LastName>
<LoginId>adventure-works\patrick0</LoginId>
<JobTitle>Production Technician - WC10</JobTitle>
<Gender>M</Gender>
<HireDate>2004-03-04</HireDate>
<BirthDate>1980-10-11</BirthDate>
<OrganizationLevel>4</OrganizationLevel>
</People>
<People>
<FirstName>Danielle</FirstName>
<MiddleName>C</MiddleName>
<LastName>Tiedt</LastName>
<LoginId>adventure-works\danielle0</LoginId>
<JobTitle>Production Technician - WC10</JobTitle>
<Gender>F</Gender>
<HireDate>2004-03-23</HireDate>
<BirthDate>1980-10-08</BirthDate>
<OrganizationLevel>4</OrganizationLevel>
</People>
<People>
<FirstName>Kimberly</FirstName>
<MiddleName>B</MiddleName>
<LastName>Zimmerman</LastName>
<LoginId>adventure-works\kimberly0</LoginId>
<JobTitle>Production Technician - WC10</JobTitle>
<Gender>F</Gender>
<HireDate>2004-02-13</HireDate>
<BirthDate>1980-10-14</BirthDate>
<OrganizationLevel>4</OrganizationLevel>
</People>
<People>
<FirstName>Tom</FirstName>
<MiddleName>M</MiddleName>
<LastName>Vande Velde</LastName>
<LoginId>adventure-works\tom0</LoginId>
<JobTitle>Production Technician - WC10</JobTitle>
<Gender>M</Gender>
<HireDate>2004-04-10</HireDate>
<BirthDate>1980-11-01</BirthDate>
<OrganizationLevel>4</OrganizationLevel>
</People>
<People>
<FirstName>Kok-Ho</FirstName>
<MiddleName>T</MiddleName>
<LastName>Loh</LastName>
<LoginId>adventure-works\kok-ho0</LoginId>
<JobTitle>Production Supervisor - WC50</JobTitle>
<Gender>M</Gender>
<HireDate>2003-01-28</HireDate>
<BirthDate>1974-05-30</BirthDate>
<OrganizationLevel>3</OrganizationLevel>
</People>
<People>
<FirstName>Russell</FirstName>
<LastName>Hunter</LastName>
<LoginId>adventure-works\russell0</LoginId>
<JobTitle>Production Technician - WC50</JobTitle>
<Gender>M</Gender>
<HireDate>2003-01-13</HireDate>
<BirthDate>1966-12-27</BirthDate>
<OrganizationLevel>4</OrganizationLevel>
</People>
<People>
<FirstName>Jim</FirstName>
<MiddleName>H</MiddleName>
<LastName>Scardelis</LastName>
<LoginId>adventure-works\jim0</LoginId>
<JobTitle>Production Technician - WC50</JobTitle>
<Gender>M</Gender>
<HireDate>2003-01-20</HireDate>
<BirthDate>1980-10-09</BirthDate>
<OrganizationLevel>4</OrganizationLevel>
</People>
<People>
<FirstName>Elizabeth</FirstName>
<MiddleName>I</MiddleName>
<LastName>Keyser</LastName>
<LoginId>adventure-works\elizabeth0</LoginId>
<JobTitle>Production Technician - WC50</JobTitle>
<Gender>F</Gender>
<HireDate>2003-04-03</HireDate>
<BirthDate>1984-02-26</BirthDate>
<OrganizationLevel>4</OrganizationLevel>
</People>
<People>
<FirstName>Mandar</FirstName>
<MiddleName>H</MiddleName>
<LastName>Samant</LastName>
<LoginId>adventure-works\mandar0</LoginId>
<JobTitle>Production Technician - WC50</JobTitle>
<Gender>M</Gender>
<HireDate>2003-03-14</HireDate>
<BirthDate>1980-04-21</BirthDate>
<OrganizationLevel>4</OrganizationLevel>
</People>
<People>
<FirstName>Sameer</FirstName>
<MiddleName>A</MiddleName>
<LastName>Tejani</LastName>
<LoginId>adventure-works\sameer0</LoginId>
<JobTitle>Production Technician - WC50</JobTitle>
<Gender>M</Gender>
<HireDate>2003-03-15</HireDate>
<BirthDate>1972-07-27</BirthDate>
<OrganizationLevel>4</OrganizationLevel>
</People>
<People>
<FirstName>Nuan</FirstName>
<LastName>Yu</LastName>
<LoginId>adventure-works\nuan0</LoginId>
<JobTitle>Production Technician - WC50</JobTitle>
<Gender>M</Gender>
<HireDate>2003-02-07</HireDate>
<BirthDate>1973-04-29</BirthDate>
<OrganizationLevel>4</OrganizationLevel>
</People>
<People>
<FirstName>Lolan</FirstName>
<MiddleName>B</MiddleName>
<LastName>Song</LastName>
<LoginId>adventure-works\lolan0</LoginId>
<JobTitle>Production Technician - WC50</JobTitle>
<Gender>M</Gender>
<HireDate>2003-02-13</HireDate>
<BirthDate>1967-02-25</BirthDate>
<OrganizationLevel>4</OrganizationLevel>
</People>
<People>
<FirstName>Houman</FirstName>
<MiddleName>N</MiddleName>
<LastName>Pournasseh</LastName>
<LoginId>adventure-works\houman0</LoginId>
<JobTitle>Production Technician - WC50</JobTitle>
<Gender>M</Gender>
<HireDate>2003-02-26</HireDate>
<BirthDate>1965-09-30</BirthDate>
<OrganizationLevel>4</OrganizationLevel>
</People>
<People>
<FirstName>Zheng</FirstName>
<MiddleName>W</MiddleName>
<LastName>Mu</LastName>
<LoginId>adventure-works\zheng0</LoginId>
<JobTitle>Production Supervisor - WC10</JobTitle>
<Gender>M</Gender>
<HireDate>2003-01-04</HireDate>
<BirthDate>1977-11-26</BirthDate>
<OrganizationLevel>3</OrganizationLevel>
</People>
<People>
<FirstName>Ebru</FirstName>
<MiddleName>N</MiddleName>
<LastName>Ersan</LastName>
<LoginId>adventure-works\ebru0</LoginId>
<JobTitle>Production Technician - WC10</JobTitle>
<Gender>M</Gender>
<HireDate>2004-01-07</HireDate>
<BirthDate>1980-10-23</BirthDate>
<OrganizationLevel>4</OrganizationLevel>
</People>
<People>
<FirstName>Mary</FirstName>
<MiddleName>R</MiddleName>
<LastName>Baker</LastName>
<LoginId>adventure-works\mary1</LoginId>
<JobTitle>Production Technician - WC10</JobTitle>
<Gender>F</Gender>
<HireDate>2004-01-26</HireDate>
<BirthDate>1980-10-20</BirthDate>
<OrganizationLevel>4</OrganizationLevel>
</People>
<People>
<FirstName>Kevin</FirstName>
<MiddleName>M</MiddleName>
<LastName>Homer</LastName>
<LoginId>adventure-works\kevin2</LoginId>
<JobTitle>Production Technician - WC10</JobTitle>
<Gender>M</Gender>
<HireDate>2004-01-26</HireDate>
<BirthDate>1980-10-20</BirthDate>
<OrganizationLevel>4</OrganizationLevel>
</People>
<People>
<FirstName>John</FirstName>
<MiddleName>T</MiddleName>
<LastName>Kane</LastName>
<LoginId>adventure-works\john4</LoginId>
<JobTitle>Production Technician - WC10</JobTitle>
<Gender>M</Gender>
<HireDate>2004-03-30</HireDate>
<BirthDate>1980-10-29</BirthDate>
<OrganizationLevel>4</OrganizationLevel>
</People>
<People>
<FirstName>Christopher</FirstName>
<MiddleName>E</MiddleName>
<LastName>Hill</LastName>
<LoginId>adventure-works\christopher0</LoginId>
<JobTitle>Production Technician - WC10</JobTitle>
<Gender>M</Gender>
<HireDate>2004-03-11</HireDate>
<BirthDate>1980-11-01</BirthDate>
<OrganizationLevel>4</OrganizationLevel>
</People>
<People>
<FirstName>Jinghao</FirstName>
<MiddleName>K</MiddleName>
<LastName>Liu</LastName>
<LoginId>adventure-works\jinghao0</LoginId>
<JobTitle>Production Supervisor - WC50</JobTitle>
<Gender>M</Gender>
<HireDate>2003-01-09</HireDate>
<BirthDate>1983-03-09</BirthDate>
<OrganizationLevel>3</OrganizationLevel>
</People>
<People>
<FirstName>Alice</FirstName>
<MiddleName>O</MiddleName>
<LastName>Ciccu</LastName>
<LoginId>adventure-works\alice0</LoginId>
<JobTitle>Production Technician - WC50</JobTitle>
<Gender>F</Gender>
<HireDate>2003-01-08</HireDate>
<BirthDate>1972-02-27</BirthDate>
<OrganizationLevel>4</OrganizationLevel>
</People>
<People>
<FirstName>Jun</FirstName>
<MiddleName>T</MiddleName>
<LastName>Cao</LastName>
<LoginId>adventure-works\jun0</LoginId>
<JobTitle>Production Technician - WC50</JobTitle>
<Gender>M</Gender>
<HireDate>2003-01-15</HireDate>
<BirthDate>1973-08-06</BirthDate>
<OrganizationLevel>4</OrganizationLevel>
</People>
<People>
<FirstName>Suroor</FirstName>
<MiddleName>R</MiddleName>
<LastName>Fatima</LastName>
<LoginId>adventure-works\suroor0</LoginId>
<JobTitle>Production Technician - WC50</JobTitle>
<Gender>M</Gender>
<HireDate>2003-01-18</HireDate>
<BirthDate>1972-03-28</BirthDate>
<OrganizationLevel>4</OrganizationLevel>
</People>
<People>
<FirstName>John</FirstName>
<MiddleName>P</MiddleName>
<LastName>Evans</LastName>
<LoginId>adventure-works\john1</LoginId>
<JobTitle>Production Technician - WC50</JobTitle>
<Gender>M</Gender>
<HireDate>2003-02-02</HireDate>
<BirthDate>1972-07-01</BirthDate>
<OrganizationLevel>4</OrganizationLevel>
</People>
<People>
<FirstName>Linda</FirstName>
<MiddleName>K</MiddleName>
<LastName>Moschell</LastName>
<LoginId>adventure-works\linda0</LoginId>
<JobTitle>Production Technician - WC50</JobTitle>
<Gender>F</Gender>
<HireDate>2003-01-26</HireDate>
<BirthDate>1981-08-17</BirthDate>
<OrganizationLevel>4</OrganizationLevel>
</People>
<People>
<FirstName>Mindaugas</FirstName>
<MiddleName>J</MiddleName>
<LastName>Krapauskas</LastName>
<LoginId>adventure-works\mindaugas0</LoginId>
<JobTitle>Production Technician - WC50</JobTitle>
<Gender>M</Gender>
<HireDate>2003-02-14</HireDate>
<BirthDate>1972-06-07</BirthDate>
<OrganizationLevel>4</OrganizationLevel>
</People>
<People>
<FirstName>Angela</FirstName>
<MiddleName>W</MiddleName>
<LastName>Barbariol</LastName>
<LoginId>adventure-works\angela0</LoginId>
<JobTitle>Production Technician - WC50</JobTitle>
<Gender>F</Gender>
<HireDate>2003-02-21</HireDate>
<BirthDate>1985-07-01</BirthDate>
<OrganizationLevel>4</OrganizationLevel>
</People>
<People>
<FirstName>Michael</FirstName>
<MiddleName>W</MiddleName>
<LastName>Patten</LastName>
<LoginId>adventure-works\michael2</LoginId>
<JobTitle>Production Technician - WC50</JobTitle>
<Gender>M</Gender>
<HireDate>2003-03-04</HireDate>
<BirthDate>1968-06-03</BirthDate>
<OrganizationLevel>4</OrganizationLevel>
</People>
<People>
<FirstName>Chad</FirstName>
<MiddleName>W</MiddleName>
<LastName>Niswonger</LastName>
<LoginId>adventure-works\chad0</LoginId>
<JobTitle>Production Technician - WC50</JobTitle>
<Gender>M</Gender>
<HireDate>2003-03-22</HireDate>
<BirthDate>1984-09-04</BirthDate>
<OrganizationLevel>4</OrganizationLevel>
</People>
<People>
<FirstName>Don</FirstName>
<MiddleName>L</MiddleName>
<LastName>Hall</LastName>
<LoginId>adventure-works\don0</LoginId>
<JobTitle>Production Technician - WC50</JobTitle>
<Gender>M</Gender>
<HireDate>2003-03-17</HireDate>
<BirthDate>1965-07-14</BirthDate>
<OrganizationLevel>4</OrganizationLevel>
</People>
<People>
<FirstName>Michael</FirstName>
<MiddleName>T</MiddleName>
<LastName>Entin</LastName>
<LoginId>adventure-works\michael4</LoginId>
<JobTitle>Production Technician - WC50</JobTitle>
<Gender>M</Gender>
<HireDate>2003-03-29</HireDate>
<BirthDate>1983-07-17</BirthDate>
<OrganizationLevel>4</OrganizationLevel>
</People>
<People>
<FirstName>Kitti</FirstName>
<MiddleName>H</MiddleName>
<LastName>Lertpiriyasuwat</LastName>
<LoginId>adventure-works\kitti0</LoginId>
<JobTitle>Production Technician - WC50</JobTitle>
<Gender>F</Gender>
<HireDate>2003-04-05</HireDate>
<BirthDate>1981-07-07</BirthDate>
<OrganizationLevel>4</OrganizationLevel>
</People>
<People>
<FirstName>Pilar</FirstName>
<MiddleName>G</MiddleName>
<LastName>Ackerman</LastName>
<LoginId>adventure-works\pilar0</LoginId>
<JobTitle>Shipping and Receiving Supervisor</JobTitle>
<Gender>M</Gender>
<HireDate>2003-02-03</HireDate>
<BirthDate>1966-10-11</BirthDate>
<OrganizationLevel>3</OrganizationLevel>
</People>
<People>
<FirstName>Susan</FirstName>
<MiddleName>W</MiddleName>
<LastName>Eaton</LastName>
<LoginId>adventure-works\susan0</LoginId>
<JobTitle>Stocker</JobTitle>
<Gender>F</Gender>
<HireDate>2003-01-08</HireDate>
<BirthDate>1972-03-20</BirthDate>
<OrganizationLevel>4</OrganizationLevel>
</People>
<People>
<FirstName>Vamsi</FirstName>
<MiddleName>N</MiddleName>
<LastName>Kuppa</LastName>
<LoginId>adventure-works\vamsi0</LoginId>
<JobTitle>Shipping and Receiving Clerk</JobTitle>
<Gender>M</Gender>
<HireDate>2003-01-08</HireDate>
<BirthDate>1971-04-19</BirthDate>
<OrganizationLevel>4</OrganizationLevel>
</People>
<People>
<FirstName>Kim</FirstName>
<MiddleName>T</MiddleName>
<LastName>Ralls</LastName>
<LoginId>adventure-works\kim0</LoginId>
<JobTitle>Stocker</JobTitle>
<Gender>F</Gender>
<HireDate>2003-01-27</HireDate>
<BirthDate>1978-06-01</BirthDate>
<OrganizationLevel>4</OrganizationLevel>
</People>
<People>
<FirstName>Matthias</FirstName>
<MiddleName>T</MiddleName>
<LastName>Berndt</LastName>
<LoginId>adventure-works\matthias0</LoginId>
<JobTitle>Shipping and Receiving Clerk</JobTitle>
<Gender>M</Gender>
<HireDate>2003-02-21</HireDate>
<BirthDate>1967-12-13</BirthDate>
<OrganizationLevel>4</OrganizationLevel>
</People>
<People>
<FirstName>Jimmy</FirstName>
<MiddleName>T</MiddleName>
<LastName>Bischoff</LastName>
<LoginId>adventure-works\jimmy0</LoginId>
<JobTitle>Stocker</JobTitle>
<Gender>M</Gender>
<HireDate>2003-03-30</HireDate>
<BirthDate>1979-06-05</BirthDate>
<OrganizationLevel>4</OrganizationLevel>
</People>
<People>
<FirstName>David</FirstName>
<MiddleName>P</MiddleName>
<LastName>Hamilton</LastName>
<LoginId>adventure-works\david4</LoginId>
<JobTitle>Production Supervisor - WC40</JobTitle>
<Gender>M</Gender>
<HireDate>2003-02-04</HireDate>
<BirthDate>1977-08-02</BirthDate>
<OrganizationLevel>3</OrganizationLevel>
</People>
<People>
<FirstName>Paul</FirstName>
<MiddleName>B</MiddleName>
<LastName>Komosinski</LastName>
<LoginId>adventure-works\paul0</LoginId>
<JobTitle>Production Technician - WC40</JobTitle>
<Gender>M</Gender>
<HireDate>2003-01-05</HireDate>
<BirthDate>1974-12-15</BirthDate>
<OrganizationLevel>4</OrganizationLevel>
</People>
<People>
<FirstName>Gary</FirstName>
<MiddleName>W</MiddleName>
<LastName>Yukish</LastName>
<LoginId>adventure-works\gary0</LoginId>
<JobTitle>Production Technician - WC40</JobTitle>
<Gender>M</Gender>
<HireDate>2003-01-23</HireDate>
<BirthDate>1982-06-17</BirthDate>
<OrganizationLevel>4</OrganizationLevel>
</People>
<People>
<FirstName>Rob</FirstName>
<MiddleName>T</MiddleName>
<LastName>Caron</LastName>
<LoginId>adventure-works\rob1</LoginId>
<JobTitle>Production Technician - WC40</JobTitle>
<Gender>M</Gender>
<HireDate>2003-03-17</HireDate>
<BirthDate>1967-09-05</BirthDate>
<OrganizationLevel>4</OrganizationLevel>
</People>
<People>
<FirstName>Baris</FirstName>
<MiddleName>F</MiddleName>
<LastName>Cetinok</LastName>
<LoginId>adventure-works\baris0</LoginId>
<JobTitle>Production Technician - WC40</JobTitle>
<Gender>M</Gender>
<HireDate>2003-03-19</HireDate>
<BirthDate>1984-11-07</BirthDate>
<OrganizationLevel>4</OrganizationLevel>
</People>
<People>
<FirstName>Nicole</FirstName>
<MiddleName>B</MiddleName>
<LastName>Holliday</LastName>
<LoginId>adventure-works\nicole0</LoginId>
<JobTitle>Production Technician - WC40</JobTitle>
<Gender>F</Gender>
<HireDate>2003-03-26</HireDate>
<BirthDate>1980-05-10</BirthDate>
<OrganizationLevel>4</OrganizationLevel>
</People>
<People>
<FirstName>Michael</FirstName>
<MiddleName>L</MiddleName>
<LastName>Rothkugel</LastName>
<LoginId>adventure-works\michael1</LoginId>
<JobTitle>Production Technician - WC40</JobTitle>
<Gender>M</Gender>
<HireDate>2003-02-11</HireDate>
<BirthDate>1985-02-04</BirthDate>
<OrganizationLevel>4</OrganizationLevel>
</People>
<People>
<FirstName>Eric</FirstName>
<LastName>Gubbels</LastName>
<LoginId>adventure-works\eric0</LoginId>
<JobTitle>Production Supervisor - WC20</JobTitle>
<Gender>M</Gender>
<HireDate>2003-02-15</HireDate>
<BirthDate>1979-02-20</BirthDate>
<OrganizationLevel>3</OrganizationLevel>
</People>
<People>
<FirstName>Ivo</FirstName>
<MiddleName>William</MiddleName>
<LastName>Salmre</LastName>
<LoginId>adventure-works\ivo0</LoginId>
<JobTitle>Production Technician - WC20</JobTitle>
<Gender>M</Gender>
<HireDate>2003-01-05</HireDate>
<BirthDate>1976-02-04</BirthDate>
<OrganizationLevel>4</OrganizationLevel>
</People>
<People>
<FirstName>Sylvester</FirstName>
<MiddleName>A</MiddleName>
<LastName>Valdez</LastName>
<LoginId>adventure-works\sylvester0</LoginId>
<JobTitle>Production Technician - WC20</JobTitle>
<Gender>M</Gender>
<HireDate>2004-01-12</HireDate>
<BirthDate>1964-12-13</BirthDate>
<OrganizationLevel>4</OrganizationLevel>
</People>
<People>
<FirstName>Anibal</FirstName>
<MiddleName>T</MiddleName>
<LastName>Sousa</LastName>
<LoginId>adventure-works\anibal0</LoginId>
<JobTitle>Production Technician - WC20</JobTitle>
<Gender>F</Gender>
<HireDate>2003-03-27</HireDate>
<BirthDate>1968-10-06</BirthDate>
<OrganizationLevel>4</OrganizationLevel>
</People>
<People>
<FirstName>Samantha</FirstName>
<MiddleName>H</MiddleName>
<LastName>Smith</LastName>
<LoginId>adventure-works\samantha0</LoginId>
<JobTitle>Production Technician - WC20</JobTitle>
<Gender>F</Gender>
<HireDate>2003-03-08</HireDate>
<BirthDate>1981-12-23</BirthDate>
<OrganizationLevel>4</OrganizationLevel>
</People>
<People>
<FirstName>Hung-Fu</FirstName>
<Title>Mr.</Title>
<MiddleName>T</MiddleName>
<LastName>Ting</LastName>
<LoginId>adventure-works\hung-fu0</LoginId>
<JobTitle>Production Technician - WC20</JobTitle>
<Gender>M</Gender>
<HireDate>2004-02-07</HireDate>
<BirthDate>1965-11-23</BirthDate>
<OrganizationLevel>4</OrganizationLevel>
</People>
<People>
<FirstName>Prasanna</FirstName>
<MiddleName>E</MiddleName>
<LastName>Samarawickrama</LastName>
<LoginId>adventure-works\prasanna0</LoginId>
<JobTitle>Production Technician - WC20</JobTitle>
<Gender>M</Gender>
<HireDate>2004-02-23</HireDate>
<BirthDate>1947-06-01</BirthDate>
<OrganizationLevel>4</OrganizationLevel>
</People>
<People>
<FirstName>Min</FirstName>
<MiddleName>G</MiddleName>
<LastName>Su</LastName>
<LoginId>adventure-works\min0</LoginId>
<JobTitle>Production Technician - WC20</JobTitle>
<Gender>M</Gender>
<HireDate>2004-02-25</HireDate>
<BirthDate>1968-10-11</BirthDate>
<OrganizationLevel>4</OrganizationLevel>
</People>
<People>
<FirstName>Olinda</FirstName>
<MiddleName>C</MiddleName>
<LastName>Turner</LastName>
<LoginId>adventure-works\olinda0</LoginId>
<JobTitle>Production Technician - WC20</JobTitle>
<Gender>F</Gender>
<HireDate>2004-04-04</HireDate>
<BirthDate>1964-05-05</BirthDate>
<OrganizationLevel>4</OrganizationLevel>
</People>
<People>
<FirstName>Krishna</FirstName>
<LastName>Sunkammurali</LastName>
<LoginId>adventure-works\krishna0</LoginId>
<JobTitle>Production Technician - WC20</JobTitle>
<Gender>M</Gender>
<HireDate>2004-03-16</HireDate>
<BirthDate>1965-10-06</BirthDate>
<OrganizationLevel>4</OrganizationLevel>
</People>
<People>
<FirstName>Paul</FirstName>
<MiddleName>R</MiddleName>
<LastName>Singh</LastName>
<LoginId>adventure-works\paul1</LoginId>
<JobTitle>Production Technician - WC20</JobTitle>
<Gender>M</Gender>
<HireDate>2003-02-18</HireDate>
<BirthDate>1984-12-05</BirthDate>
<OrganizationLevel>4</OrganizationLevel>
</People>
<People>
<FirstName>Cynthia</FirstName>
<MiddleName>S</MiddleName>
<LastName>Randall</LastName>
<LoginId>adventure-works\cynthia0</LoginId>
<JobTitle>Production Supervisor - WC30</JobTitle>
<Gender>F</Gender>
<HireDate>2003-02-28</HireDate>
<BirthDate>1975-09-19</BirthDate>
<OrganizationLevel>3</OrganizationLevel>
</People>
<People>
<FirstName>Jian Shuo</FirstName>
<LastName>Wang</LastName>
<LoginId>adventure-works\jianshuo0</LoginId>
<JobTitle>Production Technician - WC30</JobTitle>
<Gender>M</Gender>
<HireDate>2003-01-08</HireDate>
<BirthDate>1977-08-27</BirthDate>
<OrganizationLevel>4</OrganizationLevel>
</People>
<People>
<FirstName>Sandra</FirstName>
<LastName>Reátegui Alayo</LastName>
<LoginId>adventure-works\sandra0</LoginId>
<JobTitle>Production Technician - WC30</JobTitle>
<Gender>F</Gender>
<HireDate>2003-01-27</HireDate>
<BirthDate>1969-12-06</BirthDate>
<OrganizationLevel>4</OrganizationLevel>
</People>
<People>
<FirstName>Jason</FirstName>
<MiddleName>M</MiddleName>
<LastName>Watters</LastName>
<LoginId>adventure-works\jason0</LoginId>
<JobTitle>Production Technician - WC30</JobTitle>
<Gender>M</Gender>
<HireDate>2003-02-15</HireDate>
<BirthDate>1983-01-08</BirthDate>
<OrganizationLevel>4</OrganizationLevel>
</People>
<People>
<FirstName>Andy</FirstName>
<MiddleName>M</MiddleName>
<LastName>Ruth</LastName>
<LoginId>adventure-works\andy0</LoginId>
<JobTitle>Production Technician - WC30</JobTitle>
<Gender>M</Gender>
<HireDate>2003-03-04</HireDate>
<BirthDate>1977-11-20</BirthDate>
<OrganizationLevel>4</OrganizationLevel>
</People>
<People>
<FirstName>Michael</FirstName>
<MiddleName>T</MiddleName>
<LastName>Vanderhyde</LastName>
<LoginId>adventure-works\michael5</LoginId>
<JobTitle>Production Technician - WC30</JobTitle>
<Gender>M</Gender>
<HireDate>2003-03-30</HireDate>
<BirthDate>1976-10-19</BirthDate>
<OrganizationLevel>4</OrganizationLevel>
</People>
<People>
<FirstName>Rostislav</FirstName>
<MiddleName>E</MiddleName>
<LastName>Shabalin</LastName>
<LoginId>adventure-works\rostislav0</LoginId>
<JobTitle>Production Technician - WC30</JobTitle>
<Gender>M</Gender>
<HireDate>2003-03-23</HireDate>
<BirthDate>1971-10-15</BirthDate>
<OrganizationLevel>4</OrganizationLevel>
</People>
<People>
<FirstName>Yuhong</FirstName>
<MiddleName>L</MiddleName>
<LastName>Li</LastName>
<LoginId>adventure-works\yuhong0</LoginId>
<JobTitle>Production Supervisor - WC20</JobTitle>
<Gender>M</Gender>
<HireDate>2003-03-05</HireDate>
<BirthDate>1971-05-08</BirthDate>
<OrganizationLevel>3</OrganizationLevel>
</People>
<People>
<FirstName>Hanying</FirstName>
<MiddleName>P</MiddleName>
<LastName>Feng</LastName>
<LoginId>adventure-works\hanying0</LoginId>
<JobTitle>Production Technician - WC20</JobTitle>
<Gender>M</Gender>
<HireDate>2003-01-17</HireDate>
<BirthDate>1968-11-16</BirthDate>
<OrganizationLevel>4</OrganizationLevel>
</People>
<People>
<FirstName>Raymond</FirstName>
<MiddleName>K</MiddleName>
<LastName>Sam</LastName>
<LoginId>adventure-works\raymond0</LoginId>
<JobTitle>Production Technician - WC20</JobTitle>
<Gender>M</Gender>
<HireDate>2003-01-24</HireDate>
<BirthDate>1961-04-02</BirthDate>
<OrganizationLevel>4</OrganizationLevel>
</People>
<People>
<FirstName>Fadi</FirstName>
<MiddleName>K</MiddleName>
<LastName>Fakhouri</LastName>
<LoginId>adventure-works\fadi0</LoginId>
<JobTitle>Production Technician - WC20</JobTitle>
<Gender>M</Gender>
<HireDate>2003-02-05</HireDate>
<BirthDate>1983-03-19</BirthDate>
<OrganizationLevel>4</OrganizationLevel>
</People>
<People>
<FirstName>Lane</FirstName>
<MiddleName>M</MiddleName>
<LastName>Sacksteder</LastName>
<LoginId>adventure-works\lane0</LoginId>
<JobTitle>Production Technician - WC20</JobTitle>
<Gender>M</Gender>
<HireDate>2003-02-12</HireDate>
<BirthDate>1968-10-24</BirthDate>
<OrganizationLevel>4</OrganizationLevel>
</People>
<People>
<FirstName>Linda</FirstName>
<MiddleName>A</MiddleName>
<LastName>Randall</LastName>
<LoginId>adventure-works\linda1</LoginId>
<JobTitle>Production Technician - WC20</JobTitle>
<Gender>F</Gender>
<HireDate>2003-03-07</HireDate>
<BirthDate>1971-11-06</BirthDate>
<OrganizationLevel>4</OrganizationLevel>
</People>
<People>
<FirstName>Shelley</FirstName>
<MiddleName>N</MiddleName>
<LastName>Dyck</LastName>
<LoginId>adventure-works\shelley0</LoginId>
<JobTitle>Production Technician - WC20</JobTitle>
<Gender>F</Gender>
<HireDate>2003-04-08</HireDate>
<BirthDate>1981-01-08</BirthDate>
<OrganizationLevel>4</OrganizationLevel>
</People>
<People>
<FirstName>Terrence</FirstName>
<MiddleName>W</MiddleName>
<LastName>Earls</LastName>
<LoginId>adventure-works\terrence0</LoginId>
<JobTitle>Production Technician - WC20</JobTitle>
<Gender>M</Gender>
<HireDate>2003-03-20</HireDate>
<BirthDate>1979-01-09</BirthDate>
<OrganizationLevel>4</OrganizationLevel>
</People>
<People>
<FirstName>Jeff</FirstName>
<MiddleName>V</MiddleName>
<LastName>Hay</LastName>
<LoginId>adventure-works\jeff0</LoginId>
<JobTitle>Production Supervisor - WC45</JobTitle>
<Gender>M</Gender>
<HireDate>2003-02-22</HireDate>
<BirthDate>1971-02-16</BirthDate>
<OrganizationLevel>3</OrganizationLevel>
</People>
<People>
<FirstName>Kirk</FirstName>
<MiddleName>J</MiddleName>
<LastName>Koenigsbauer</LastName>
<LoginId>adventure-works\kirk0</LoginId>
<JobTitle>Production Technician - WC45</JobTitle>
<Gender>M</Gender>
<HireDate>2003-01-16</HireDate>
<BirthDate>1979-03-10</BirthDate>
<OrganizationLevel>4</OrganizationLevel>
</People>
<People>
<FirstName>Laura</FirstName>
<MiddleName>C</MiddleName>
<LastName>Steele</LastName>
<LoginId>adventure-works\laura0</LoginId>
<JobTitle>Production Technician - WC45</JobTitle>
<Gender>F</Gender>
<HireDate>2003-02-04</HireDate>
<BirthDate>1975-01-26</BirthDate>
<OrganizationLevel>4</OrganizationLevel>
</People>
<People>
<FirstName>Alex</FirstName>
<MiddleName>M</MiddleName>
<LastName>Nayberg</LastName>
<LoginId>adventure-works\alex0</LoginId>
<JobTitle>Production Technician - WC45</JobTitle>
<Gender>M</Gender>
<HireDate>2003-03-12</HireDate>
<BirthDate>1984-05-14</BirthDate>
<OrganizationLevel>4</OrganizationLevel>
</People>
<People>
<FirstName>Andrew</FirstName>
<MiddleName>M</MiddleName>
<LastName>Cencini</LastName>
<LoginId>adventure-works\andrew1</LoginId>
<JobTitle>Production Technician - WC45</JobTitle>
<Gender>M</Gender>
<HireDate>2003-04-07</HireDate>
<BirthDate>1982-10-26</BirthDate>
<OrganizationLevel>4</OrganizationLevel>
</People>
<People>
<FirstName>Chris</FirstName>
<MiddleName>T</MiddleName>
<LastName>Preston</LastName>
<LoginId>adventure-works\chris0</LoginId>
<JobTitle>Production Technician - WC45</JobTitle>
<Gender>M</Gender>
<HireDate>2003-02-23</HireDate>
<BirthDate>1983-01-17</BirthDate>
<OrganizationLevel>4</OrganizationLevel>
</People>
<People>
<FirstName>Jack</FirstName>
<MiddleName>S</MiddleName>
<LastName>Richins</LastName>
<LoginId>adventure-works\jack0</LoginId>
<JobTitle>Production Supervisor - WC30</JobTitle>
<Gender>M</Gender>
<HireDate>2003-03-25</HireDate>
<BirthDate>1977-07-23</BirthDate>
<OrganizationLevel>3</OrganizationLevel>
</People>
<People>
<FirstName>David</FirstName>
<MiddleName>N</MiddleName>
<LastName>Johnson</LastName>
<LoginId>adventure-works\david1</LoginId>
<JobTitle>Production Technician - WC30</JobTitle>
<Gender>M</Gender>
<HireDate>2003-01-03</HireDate>
<BirthDate>1973-12-03</BirthDate>
<OrganizationLevel>4</OrganizationLevel>
</People>
<People>
<FirstName>Garrett</FirstName>
<MiddleName>R</MiddleName>
<LastName>Young</LastName>
<LoginId>adventure-works\garrett0</LoginId>
<JobTitle>Production Technician - WC30</JobTitle>
<Gender>M</Gender>
<HireDate>2003-01-08</HireDate>
<BirthDate>1978-09-26</BirthDate>
<OrganizationLevel>4</OrganizationLevel>
</People>
<People>
<FirstName>Susan</FirstName>
<MiddleName>A</MiddleName>
<LastName>Metters</LastName>
<LoginId>adventure-works\susan1</LoginId>
<JobTitle>Production Technician - WC30</JobTitle>
<Gender>F</Gender>
<HireDate>2003-01-15</HireDate>
<BirthDate>1977-05-03</BirthDate>
<OrganizationLevel>4</OrganizationLevel>
</People>
<People>
<FirstName>George</FirstName>
<MiddleName>Z</MiddleName>
<LastName>Li</LastName>
<LoginId>adventure-works\george0</LoginId>
<JobTitle>Production Technician - WC30</JobTitle>
<Gender>M</Gender>
<HireDate>2003-01-22</HireDate>
<BirthDate>1971-05-18</BirthDate>
<OrganizationLevel>4</OrganizationLevel>
</People>
<People>
<FirstName>David</FirstName>
<MiddleName>A</MiddleName>
<LastName>Yalovsky</LastName>
<LoginId>adventure-works\david3</LoginId>
<JobTitle>Production Technician - WC30</JobTitle>
<Gender>M</Gender>
<HireDate>2003-02-03</HireDate>
<BirthDate>1975-09-04</BirthDate>
<OrganizationLevel>4</OrganizationLevel>
</People>
<People>
<FirstName>Marc</FirstName>
<MiddleName>J</MiddleName>
<LastName>Ingle</LastName>
<LoginId>adventure-works\marc0</LoginId>
<JobTitle>Production Technician - WC30</JobTitle>
<Gender>M</Gender>
<HireDate>2003-02-17</HireDate>
<BirthDate>1980-11-24</BirthDate>
<OrganizationLevel>4</OrganizationLevel>
</People>
<People>
<FirstName>Eugene</FirstName>
<MiddleName>R</MiddleName>
<LastName>Zabokritski</LastName>
<LoginId>adventure-works\eugene0</LoginId>
<JobTitle>Production Technician - WC30</JobTitle>
<Gender>M</Gender>
<HireDate>2003-02-22</HireDate>
<BirthDate>1981-08-15</BirthDate>
<OrganizationLevel>4</OrganizationLevel>
</People>
<People>
<FirstName>Benjamin</FirstName>
<MiddleName>R</MiddleName>
<LastName>Martin</LastName>
<LoginId>adventure-works\benjamin0</LoginId>
<JobTitle>Production Technician - WC30</JobTitle>
<Gender>M</Gender>
<HireDate>2003-02-28</HireDate>
<BirthDate>1980-02-06</BirthDate>
<OrganizationLevel>4</OrganizationLevel>
</People>
<People>
<FirstName>Reed</FirstName>
<MiddleName>T</MiddleName>
<LastName>Koch</LastName>
<LoginId>adventure-works\reed0</LoginId>
<JobTitle>Production Technician - WC30</JobTitle>
<Gender>M</Gender>
<HireDate>2003-03-06</HireDate>
<BirthDate>1983-02-09</BirthDate>
<OrganizationLevel>4</OrganizationLevel>
</People>
<People>
<FirstName>David</FirstName>
<MiddleName>Oliver</MiddleName>
<LastName>Lawrence</LastName>
<LoginId>adventure-works\david7</LoginId>
<JobTitle>Production Technician - WC30</JobTitle>
<Gender>M</Gender>
<HireDate>2003-03-18</HireDate>
<BirthDate>1979-10-25</BirthDate>
<OrganizationLevel>4</OrganizationLevel>
</People>
<People>
<FirstName>Russell</FirstName>
<MiddleName>M</MiddleName>
<LastName>King</LastName>
<LoginId>adventure-works\russell1</LoginId>
<JobTitle>Production Technician - WC30</JobTitle>
<Gender>M</Gender>
<HireDate>2003-03-25</HireDate>
<BirthDate>1976-03-14</BirthDate>
<OrganizationLevel>4</OrganizationLevel>
</People>
<People>
<FirstName>John</FirstName>
<MiddleName>N</MiddleName>
<LastName>Frum</LastName>
<LoginId>adventure-works\john3</LoginId>
<JobTitle>Production Technician - WC30</JobTitle>
<Gender>M</Gender>
<HireDate>2003-04-04</HireDate>
<BirthDate>1976-04-24</BirthDate>
<OrganizationLevel>4</OrganizationLevel>
</People>
<People>
<FirstName>Jan</FirstName>
<MiddleName>S</MiddleName>
<LastName>Miksovsky</LastName>
<LoginId>adventure-works\jan0</LoginId>
<JobTitle>Production Technician - WC30</JobTitle>
<Gender>M</Gender>
<HireDate>2003-04-06</HireDate>
<BirthDate>1968-12-16</BirthDate>
<OrganizationLevel>4</OrganizationLevel>
</People>
<People>
<FirstName>Katie</FirstName>
<MiddleName>L</MiddleName>
<LastName>McAskill-White</LastName>
<LoginId>adventure-works\katie0</LoginId>
<JobTitle>Production Supervisor - WC20</JobTitle>
<Gender>F</Gender>
<HireDate>2003-03-24</HireDate>
<BirthDate>1978-12-20</BirthDate>
<OrganizationLevel>3</OrganizationLevel>
</People>
<People>
<FirstName>Michael</FirstName>
<MiddleName>T</MiddleName>
<LastName>Hines</LastName>
<LoginId>adventure-works\michael0</LoginId>
<JobTitle>Production Technician - WC20</JobTitle>
<Gender>M</Gender>
<HireDate>2003-01-10</HireDate>
<BirthDate>1978-12-19</BirthDate>
<OrganizationLevel>4</OrganizationLevel>
</People>
<People>
<FirstName>Nitin</FirstName>
<MiddleName>S</MiddleName>
<LastName>Mirchandani</LastName>
<LoginId>adventure-works\nitin0</LoginId>
<JobTitle>Production Technician - WC20</JobTitle>
<Gender>M</Gender>
<HireDate>2003-01-29</HireDate>
<BirthDate>1981-01-01</BirthDate>
<OrganizationLevel>4</OrganizationLevel>
</People>
<People>
<FirstName>Barbara</FirstName>
<MiddleName>S</MiddleName>
<LastName>Decker</LastName>
<LoginId>adventure-works\barbara0</LoginId>
<JobTitle>Production Technician - WC20</JobTitle>
<Gender>F</Gender>
<HireDate>2003-02-23</HireDate>
<BirthDate>1973-08-02</BirthDate>
<OrganizationLevel>4</OrganizationLevel>
</People>
<People>
<FirstName>John</FirstName>
<MiddleName>Y</MiddleName>
<LastName>Chen</LastName>
<LoginId>adventure-works\john2</LoginId>
<JobTitle>Production Technician - WC20</JobTitle>
<Gender>M</Gender>
<HireDate>2003-03-13</HireDate>
<BirthDate>1980-05-06</BirthDate>
<OrganizationLevel>4</OrganizationLevel>
</People>
<People>
<FirstName>Stefen</FirstName>
<MiddleName>A</MiddleName>
<LastName>Hesse</LastName>
<LoginId>adventure-works\stefen0</LoginId>
<JobTitle>Production Technician - WC20</JobTitle>
<Gender>M</Gender>
<HireDate>2003-04-01</HireDate>
<BirthDate>1970-01-21</BirthDate>
<OrganizationLevel>4</OrganizationLevel>
</People>
<People>
<FirstName>Shane</FirstName>
<MiddleName>S</MiddleName>
<LastName>Kim</LastName>
<LoginId>adventure-works\shane0</LoginId>
<JobTitle>Production Supervisor - WC45</JobTitle>
<Gender>M</Gender>
<HireDate>2003-03-12</HireDate>
<BirthDate>1984-06-24</BirthDate>
<OrganizationLevel>3</OrganizationLevel>
</People>
<People>
<FirstName>Yvonne</FirstName>
<MiddleName>S</MiddleName>
<LastName>McKay</LastName>
<LoginId>adventure-works\yvonne0</LoginId>
<JobTitle>Production Technician - WC45</JobTitle>
<Gender>F</Gender>
<HireDate>2003-01-10</HireDate>
<BirthDate>1983-05-17</BirthDate>
<OrganizationLevel>4</OrganizationLevel>
</People>
<People>
<FirstName>Douglas</FirstName>
<MiddleName>B</MiddleName>
<LastName>Hite</LastName>
<LoginId>adventure-works\douglas0</LoginId>
<JobTitle>Production Technician - WC45</JobTitle>
<Gender>M</Gender>
<HireDate>2003-01-28</HireDate>
<BirthDate>1979-12-26</BirthDate>
<OrganizationLevel>4</OrganizationLevel>
</People>
<People>
<FirstName>Janeth</FirstName>
<MiddleName>M</MiddleName>
<LastName>Esteves</LastName>
<LoginId>adventure-works\janeth0</LoginId>
<JobTitle>Production Technician - WC45</JobTitle>
<Gender>F</Gender>
<HireDate>2003-02-16</HireDate>
<BirthDate>1966-08-25</BirthDate>
<OrganizationLevel>4</OrganizationLevel>
</People>
<People>
<FirstName>Robert</FirstName>
<MiddleName>J</MiddleName>
<LastName>Rounthwaite</LastName>
<LoginId>adventure-works\robert0</LoginId>
<JobTitle>Production Technician - WC45</JobTitle>
<Gender>M</Gender>
<HireDate>2003-03-06</HireDate>
<BirthDate>1979-04-01</BirthDate>
<OrganizationLevel>4</OrganizationLevel>
</People>
<People>
<FirstName>Lionel</FirstName>
<MiddleName>C</MiddleName>
<LastName>Penuchot</LastName>
<LoginId>adventure-works\lionel0</LoginId>
<JobTitle>Production Technician - WC45</JobTitle>
<Gender>M</Gender>
<HireDate>2003-03-30</HireDate>
<BirthDate>1982-04-15</BirthDate>
<OrganizationLevel>4</OrganizationLevel>
</People>
<People>
<FirstName>Brenda</FirstName>
<MiddleName>M</MiddleName>
<LastName>Diaz</LastName>
<LoginId>adventure-works\brenda0</LoginId>
<JobTitle>Production Supervisor - WC40</JobTitle>
<Gender>F</Gender>
<HireDate>2003-04-06</HireDate>
<BirthDate>1977-03-31</BirthDate>
<OrganizationLevel>3</OrganizationLevel>
</People>
<People>
<FirstName>Alejandro</FirstName>
<MiddleName>E</MiddleName>
<LastName>McGuel</LastName>
<LoginId>adventure-works\alejandro0</LoginId>
<JobTitle>Production Technician - WC40</JobTitle>
<Gender>M</Gender>
<HireDate>2003-01-07</HireDate>
<BirthDate>1983-01-06</BirthDate>
<OrganizationLevel>4</OrganizationLevel>
</People>
<People>
<FirstName>Fred</FirstName>
<MiddleName>T</MiddleName>
<LastName>Northup</LastName>
<LoginId>adventure-works\fred0</LoginId>
<JobTitle>Production Technician - WC40</JobTitle>
<Gender>M</Gender>
<HireDate>2003-01-13</HireDate>
<BirthDate>1983-07-27</BirthDate>
<OrganizationLevel>4</OrganizationLevel>
</People>
<People>
<FirstName>Kevin</FirstName>
<MiddleName>H</MiddleName>
<LastName>Liu</LastName>
<LoginId>adventure-works\kevin1</LoginId>
<JobTitle>Production Technician - WC40</JobTitle>
<Gender>M</Gender>
<HireDate>2003-01-18</HireDate>
<BirthDate>1980-01-26</BirthDate>
<OrganizationLevel>4</OrganizationLevel>
</People>
<People>
<FirstName>Shammi</FirstName>
<MiddleName>G</MiddleName>
<LastName>Mohamed</LastName>
<LoginId>adventure-works\shammi0</LoginId>
<JobTitle>Production Technician - WC40</JobTitle>
<Gender>M</Gender>
<HireDate>2003-01-25</HireDate>
<BirthDate>1974-11-05</BirthDate>
<OrganizationLevel>4</OrganizationLevel>
</People>
<People>
<FirstName>Rajesh</FirstName>
<MiddleName>M</MiddleName>
<LastName>Patel</LastName>
<LoginId>adventure-works\rajesh0</LoginId>
<JobTitle>Production Technician - WC40</JobTitle>
<Gender>M</Gender>
<HireDate>2003-02-01</HireDate>
<BirthDate>1971-11-05</BirthDate>
<OrganizationLevel>4</OrganizationLevel>
</People>
<People>
<FirstName>Lorraine</FirstName>
<MiddleName>O</MiddleName>
<LastName>Nay</LastName>
<LoginId>adventure-works\lorraine0</LoginId>
<JobTitle>Production Technician - WC40</JobTitle>
<Gender>F</Gender>
<HireDate>2003-02-05</HireDate>
<BirthDate>1982-12-28</BirthDate>
<OrganizationLevel>4</OrganizationLevel>
</People>
<People>
<FirstName>Paula</FirstName>
<MiddleName>R</MiddleName>
<LastName>Nartker</LastName>
<LoginId>adventure-works\paula1</LoginId>
<JobTitle>Production Technician - WC40</JobTitle>
<Gender>F</Gender>
<HireDate>2003-02-13</HireDate>
<BirthDate>1981-03-13</BirthDate>
<OrganizationLevel>4</OrganizationLevel>
</People>
<People>
<FirstName>Frank</FirstName>
<MiddleName>T</MiddleName>
<LastName>Lee</LastName>
<LoginId>adventure-works\frank0</LoginId>
<JobTitle>Production Technician - WC40</JobTitle>
<Gender>M</Gender>
<HireDate>2003-02-18</HireDate>
<BirthDate>1981-10-07</BirthDate>
<OrganizationLevel>4</OrganizationLevel>
</People>
<People>
<FirstName>Brian</FirstName>
<MiddleName>T</MiddleName>
<LastName>Lloyd</LastName>
<LoginId>adventure-works\brian0</LoginId>
<JobTitle>Production Technician - WC40</JobTitle>
<Gender>M</Gender>
<HireDate>2003-03-02</HireDate>
<BirthDate>1971-03-14</BirthDate>
<OrganizationLevel>4</OrganizationLevel>
</People>
<People>
<FirstName>Tawana</FirstName>
<MiddleName>G</MiddleName>
<LastName>Nusbaum</LastName>
<LoginId>adventure-works\tawana0</LoginId>
<JobTitle>Production Technician - WC40</JobTitle>
<Gender>M</Gender>
<HireDate>2003-03-09</HireDate>
<BirthDate>1983-12-12</BirthDate>
<OrganizationLevel>4</OrganizationLevel>
</People>
<People>
<FirstName>Ken</FirstName>
<MiddleName>L</MiddleName>
<LastName>Myer</LastName>
<LoginId>adventure-works\ken1</LoginId>
<JobTitle>Production Technician - WC40</JobTitle>
<Gender>M</Gender>
<HireDate>2003-03-28</HireDate>
<BirthDate>1975-06-29</BirthDate>
<OrganizationLevel>4</OrganizationLevel>
</People>
<People>
<FirstName>Gabe</FirstName>
<MiddleName>B</MiddleName>
<LastName>Mares</LastName>
<LoginId>adventure-works\gabe0</LoginId>
<JobTitle>Production Technician - WC40</JobTitle>
<Gender>M</Gender>
<HireDate>2003-04-09</HireDate>
<BirthDate>1982-06-11</BirthDate>
<OrganizationLevel>4</OrganizationLevel>
</People>
<People>
<FirstName>Lori</FirstName>
<MiddleName>A</MiddleName>
<LastName>Kane</LastName>
<LoginId>adventure-works\lori0</LoginId>
<JobTitle>Production Supervisor - WC45</JobTitle>
<Gender>F</Gender>
<HireDate>2003-03-30</HireDate>
<BirthDate>1974-08-19</BirthDate>
<OrganizationLevel>3</OrganizationLevel>
</People>
<People>
<FirstName>Stuart</FirstName>
<MiddleName>V</MiddleName>
<LastName>Munson</LastName>
<LoginId>adventure-works\stuart0</LoginId>
<JobTitle>Production Technician - WC45</JobTitle>
<Gender>M</Gender>
<HireDate>2003-01-03</HireDate>
<BirthDate>1956-10-14</BirthDate>
<OrganizationLevel>4</OrganizationLevel>
</People>
<People>
<FirstName>Greg</FirstName>
<MiddleName>F</MiddleName>
<LastName>Alderson</LastName>
<LoginId>adventure-works\greg0</LoginId>
<JobTitle>Production Technician - WC45</JobTitle>
<Gender>M</Gender>
<HireDate>2003-01-03</HireDate>
<BirthDate>1964-11-18</BirthDate>
<OrganizationLevel>4</OrganizationLevel>
</People>
<People>
<FirstName>Scott</FirstName>
<MiddleName>R</MiddleName>
<LastName>Gode</LastName>
<LoginId>adventure-works\scott0</LoginId>
<JobTitle>Production Technician - WC45</JobTitle>
<Gender>M</Gender>
<HireDate>2003-02-09</HireDate>
<BirthDate>1981-03-13</BirthDate>
<OrganizationLevel>4</OrganizationLevel>
</People>
<People>
<FirstName>Kathie</FirstName>
<MiddleName>E</MiddleName>
<LastName>Flood</LastName>
<LoginId>adventure-works\kathie0</LoginId>
<JobTitle>Production Technician - WC45</JobTitle>
<Gender>F</Gender>
<HireDate>2003-02-28</HireDate>
<BirthDate>1984-12-02</BirthDate>
<OrganizationLevel>4</OrganizationLevel>
</People>
<People>
<FirstName>Belinda</FirstName>
<MiddleName>M</MiddleName>
<LastName>Newman</LastName>
<LoginId>adventure-works\belinda0</LoginId>
<JobTitle>Production Technician - WC45</JobTitle>
<Gender>F</Gender>
<HireDate>2003-03-24</HireDate>
<BirthDate>1963-10-19</BirthDate>
<OrganizationLevel>4</OrganizationLevel>
</People>
<People>
<FirstName>Hazem</FirstName>
<MiddleName>E</MiddleName>
<LastName>Abolrous</LastName>
<LoginId>adventure-works\hazem0</LoginId>
<JobTitle>Quality Assurance Manager</JobTitle>
<Gender>M</Gender>
<HireDate>2003-04-01</HireDate>
<BirthDate>1971-11-27</BirthDate>
<OrganizationLevel>2</OrganizationLevel>
</People>
<People>
<FirstName>Peng</FirstName>
<MiddleName>J</MiddleName>
<LastName>Wu</LastName>
<LoginId>adventure-works\peng0</LoginId>
<JobTitle>Quality Assurance Supervisor</JobTitle>
<Gender>M</Gender>
<HireDate>2003-01-10</HireDate>
<BirthDate>1970-04-19</BirthDate>
<OrganizationLevel>3</OrganizationLevel>
</People>
<People>
<FirstName>Sootha</FirstName>
<MiddleName>T</MiddleName>
<LastName>Charncherngkha</LastName>
<LoginId>adventure-works\sootha0</LoginId>
<JobTitle>Quality Assurance Technician</JobTitle>
<Gender>M</Gender>
<HireDate>2004-03-26</HireDate>
<BirthDate>1961-01-05</BirthDate>
<OrganizationLevel>4</OrganizationLevel>
</People>
<People>
<FirstName>Andreas</FirstName>
<MiddleName>T</MiddleName>
<LastName>Berglund</LastName>
<LoginId>adventure-works\andreas0</LoginId>
<JobTitle>Quality Assurance Technician</JobTitle>
<Gender>M</Gender>
<HireDate>2003-03-06</HireDate>
<BirthDate>1983-04-29</BirthDate>
<OrganizationLevel>4</OrganizationLevel>
</People>
<People>
<FirstName>Mark</FirstName>
<MiddleName>L</MiddleName>
<LastName>Harrington</LastName>
<LoginId>adventure-works\mark0</LoginId>
<JobTitle>Quality Assurance Technician</JobTitle>
<Gender>M</Gender>
<HireDate>2003-02-16</HireDate>
<BirthDate>1980-05-31</BirthDate>
<OrganizationLevel>4</OrganizationLevel>
</People>
<People>
<FirstName>Sean</FirstName>
<MiddleName>P</MiddleName>
<LastName>Alexander</LastName>
<LoginId>adventure-works\sean0</LoginId>
<JobTitle>Quality Assurance Technician</JobTitle>
<Gender>M</Gender>
<HireDate>2003-01-29</HireDate>
<BirthDate>1970-04-07</BirthDate>
<OrganizationLevel>4</OrganizationLevel>
</People>
<People>
<FirstName>Zainal</FirstName>
<MiddleName>T</MiddleName>
<LastName>Arifin</LastName>
<LoginId>adventure-works\zainal0</LoginId>
<JobTitle>Document Control Manager</JobTitle>
<Gender>M</Gender>
<HireDate>2003-02-05</HireDate>
<BirthDate>1970-03-02</BirthDate>
<OrganizationLevel>3</OrganizationLevel>
</People>
<People>
<FirstName>Tengiz</FirstName>
<MiddleName>N</MiddleName>
<LastName>Kharatishvili</LastName>
<LoginId>adventure-works\tengiz0</LoginId>
<JobTitle>Control Specialist</JobTitle>
<Gender>M</Gender>
<HireDate>2003-01-17</HireDate>
<BirthDate>1984-05-29</BirthDate>
<OrganizationLevel>4</OrganizationLevel>
</People>
<People>
<FirstName>Sean</FirstName>
<MiddleName>N</MiddleName>
<LastName>Chai</LastName>
<LoginId>adventure-works\sean1</LoginId>
<JobTitle>Document Control Assistant</JobTitle>
<Gender>M</Gender>
<HireDate>2003-02-23</HireDate>
<BirthDate>1981-04-12</BirthDate>
<OrganizationLevel>4</OrganizationLevel>
</People>
<People>
<FirstName>Karen</FirstName>
<MiddleName>R</MiddleName>
<LastName>Berge</LastName>
<LoginId>adventure-works\karen0</LoginId>
<JobTitle>Document Control Assistant</JobTitle>
<Gender>F</Gender>
<HireDate>2003-03-13</HireDate>
<BirthDate>1970-01-25</BirthDate>
<OrganizationLevel>4</OrganizationLevel>
</People>
<People>
<FirstName>Chris</FirstName>
<MiddleName>K</MiddleName>
<LastName>Norred</LastName>
<LoginId>adventure-works\chris1</LoginId>
<JobTitle>Control Specialist</JobTitle>
<Gender>M</Gender>
<HireDate>2003-04-07</HireDate>
<BirthDate>1981-06-26</BirthDate>
<OrganizationLevel>4</OrganizationLevel>
</People>
<People>
<FirstName>A. Scott</FirstName>
<LastName>Wright</LastName>
<LoginId>adventure-works\ascott0</LoginId>
<JobTitle>Master Scheduler</JobTitle>
<Gender>M</Gender>
<HireDate>2003-01-13</HireDate>
<BirthDate>1962-10-19</BirthDate>
<OrganizationLevel>2</OrganizationLevel>
</People>
<People>
<FirstName>Sairaj</FirstName>
<MiddleName>L</MiddleName>
<LastName>Uddin</LastName>
<LoginId>adventure-works\sairaj0</LoginId>
<JobTitle>Scheduling Assistant</JobTitle>
<Gender>M</Gender>
<HireDate>2003-02-27</HireDate>
<BirthDate>1982-01-22</BirthDate>
<OrganizationLevel>3</OrganizationLevel>
</People>
<People>
<FirstName>William</FirstName>
<MiddleName>S</MiddleName>
<LastName>Vong</LastName>
<LoginId>adventure-works\william0</LoginId>
<JobTitle>Scheduling Assistant</JobTitle>
<Gender>M</Gender>
<HireDate>2003-02-08</HireDate>
<BirthDate>1975-12-08</BirthDate>
<OrganizationLevel>3</OrganizationLevel>
</People>
<People>
<FirstName>Alan</FirstName>
<MiddleName>J</MiddleName>
<LastName>Brewer</LastName>
<LoginId>adventure-works\alan0</LoginId>
<JobTitle>Scheduling Assistant</JobTitle>
<Gender>M</Gender>
<HireDate>2003-03-17</HireDate>
<BirthDate>1978-04-30</BirthDate>
<OrganizationLevel>3</OrganizationLevel>
</People>
<People>
<FirstName>Brian</FirstName>
<MiddleName>P</MiddleName>
<LastName>LaMee</LastName>
<LoginId>adventure-works\brian1</LoginId>
<JobTitle>Scheduling Assistant</JobTitle>
<Gender>M</Gender>
<HireDate>2003-04-04</HireDate>
<BirthDate>1978-09-12</BirthDate>
<OrganizationLevel>3</OrganizationLevel>
</People>
<People>
<FirstName>Gary</FirstName>
<MiddleName>E.</MiddleName>
<LastName>Altman</LastName>
<LoginId>adventure-works\gary1</LoginId>
<JobTitle>Facilities Manager</JobTitle>
<Gender>M</Gender>
<HireDate>2004-01-03</HireDate>
<BirthDate>1965-03-21</BirthDate>
<OrganizationLevel>2</OrganizationLevel>
</People>
<People>
<FirstName>Christian</FirstName>
<MiddleName>E</MiddleName>
<LastName>Kleinerman</LastName>
<LoginId>adventure-works\christian0</LoginId>
<JobTitle>Maintenance Supervisor</JobTitle>
<Gender>M</Gender>
<HireDate>2003-01-15</HireDate>
<BirthDate>1970-02-18</BirthDate>
<OrganizationLevel>3</OrganizationLevel>
</People>
<People>
<FirstName>Lori</FirstName>
<MiddleName>K</MiddleName>
<LastName>Penor</LastName>
<LoginId>adventure-works\lori1</LoginId>
<JobTitle>Janitor</JobTitle>
<Gender>F</Gender>
<HireDate>2004-03-19</HireDate>
<BirthDate>1964-08-31</BirthDate>
<OrganizationLevel>4</OrganizationLevel>
</People>
<People>
<FirstName>Stuart</FirstName>
<MiddleName>J</MiddleName>
<LastName>Macrae</LastName>
<LoginId>adventure-works\stuart1</LoginId>
<JobTitle>Janitor</JobTitle>
<Gender>M</Gender>
<HireDate>2004-04-05</HireDate>
<BirthDate>1966-01-17</BirthDate>
<OrganizationLevel>4</OrganizationLevel>
</People>
<People>
<FirstName>Jo</FirstName>
<MiddleName>L</MiddleName>
<LastName>Berry</LastName>
<LoginId>adventure-works\jo1</LoginId>
<JobTitle>Janitor</JobTitle>
<Gender>F</Gender>
<HireDate>2004-04-07</HireDate>
<BirthDate>1948-05-25</BirthDate>
<OrganizationLevel>4</OrganizationLevel>
</People>
<People>
<FirstName>Pat</FirstName>
<MiddleName>H</MiddleName>
<LastName>Coleman</LastName>
<LoginId>adventure-works\pat0</LoginId>
<JobTitle>Janitor</JobTitle>
<Gender>M</Gender>
<HireDate>2004-02-28</HireDate>
<BirthDate>1965-01-03</BirthDate>
<OrganizationLevel>4</OrganizationLevel>
</People>
<People>
<FirstName>Magnus</FirstName>
<MiddleName>E</MiddleName>
<LastName>Hedlund</LastName>
<LoginId>adventure-works\magnus0</LoginId>
<JobTitle>Facilities Administrative Assistant</JobTitle>
<Gender>M</Gender>
<HireDate>2004-01-22</HireDate>
<BirthDate>1965-09-27</BirthDate>
<OrganizationLevel>3</OrganizationLevel>
</People>
<People>
<FirstName>Laura</FirstName>
<MiddleName>F</MiddleName>
<LastName>Norman</LastName>
<LoginId>adventure-works\laura1</LoginId>
<JobTitle>Chief Financial Officer</JobTitle>
<Gender>F</Gender>
<HireDate>2003-03-04</HireDate>
<BirthDate>1970-02-06</BirthDate>
<OrganizationLevel>1</OrganizationLevel>
</People>
<People>
<FirstName>Paula</FirstName>
<MiddleName>M</MiddleName>
<LastName>Barreto de Mattos</LastName>
<LoginId>adventure-works\paula0</LoginId>
<JobTitle>Human Resources Manager</JobTitle>
<Gender>F</Gender>
<HireDate>2003-01-07</HireDate>
<BirthDate>1970-03-14</BirthDate>
<OrganizationLevel>2</OrganizationLevel>
</People>
<People>
<FirstName>Grant</FirstName>
<MiddleName>N</MiddleName>
<LastName>Culbertson</LastName>
<LoginId>adventure-works\grant0</LoginId>
<JobTitle>Human Resources Administrative Assistant</JobTitle>
<Gender>M</Gender>
<HireDate>2003-03-29</HireDate>
<BirthDate>1970-05-18</BirthDate>
<OrganizationLevel>3</OrganizationLevel>
</People>
<People>
<FirstName>Hao</FirstName>
<MiddleName>O</MiddleName>
<LastName>Chen</LastName>
<LoginId>adventure-works\hao0</LoginId>
<JobTitle>Human Resources Administrative Assistant</JobTitle>
<Gender>M</Gender>
<HireDate>2003-03-10</HireDate>
<BirthDate>1971-05-19</BirthDate>
<OrganizationLevel>3</OrganizationLevel>
</People>
<People>
<FirstName>Vidur</FirstName>
<MiddleName>X</MiddleName>
<LastName>Luthra</LastName>
<LoginId>adventure-works\vidur0</LoginId>
<JobTitle>Recruiter</JobTitle>
<Gender>M</Gender>
<HireDate>2003-02-02</HireDate>
<BirthDate>1978-09-02</BirthDate>
<OrganizationLevel>3</OrganizationLevel>
</People>
<People>
<FirstName>Mindy</FirstName>
<MiddleName>C</MiddleName>
<LastName>Martin</LastName>
<LoginId>adventure-works\mindy0</LoginId>
<JobTitle>Benefits Specialist</JobTitle>
<Gender>F</Gender>
<HireDate>2003-01-26</HireDate>
<BirthDate>1978-12-22</BirthDate>
<OrganizationLevel>3</OrganizationLevel>
</People>
<People>
<FirstName>Willis</FirstName>
<MiddleName>T</MiddleName>
<LastName>Johnson</LastName>
<LoginId>adventure-works\willis0</LoginId>
<JobTitle>Recruiter</JobTitle>
<Gender>M</Gender>
<HireDate>2003-01-14</HireDate>
<BirthDate>1972-08-18</BirthDate>
<OrganizationLevel>3</OrganizationLevel>
</People>
<People>
<FirstName>David</FirstName>
<MiddleName>J</MiddleName>
<LastName>Liu</LastName>
<LoginId>adventure-works\david6</LoginId>
<JobTitle>Accounts Manager</JobTitle>
<Gender>M</Gender>
<HireDate>2003-03-03</HireDate>
<BirthDate>1977-08-08</BirthDate>
<OrganizationLevel>2</OrganizationLevel>
</People>
<People>
<FirstName>Deborah</FirstName>
<MiddleName>E</MiddleName>
<LastName>Poe</LastName>
<LoginId>adventure-works\deborah0</LoginId>
<JobTitle>Accounts Receivable Specialist</JobTitle>
<Gender>F</Gender>
<HireDate>2003-01-19</HireDate>
<BirthDate>1970-04-07</BirthDate>
<OrganizationLevel>3</OrganizationLevel>
</People>
<People>
<FirstName>Candy</FirstName>
<MiddleName>L</MiddleName>
<LastName>Spoon</LastName>
<LoginId>adventure-works\candy0</LoginId>
<JobTitle>Accounts Receivable Specialist</JobTitle>
<Gender>F</Gender>
<HireDate>2003-02-07</HireDate>
<BirthDate>1970-03-26</BirthDate>
<OrganizationLevel>3</OrganizationLevel>
</People>
<People>
<FirstName>Bryan</FirstName>
<MiddleName>A</MiddleName>
<LastName>Walton</LastName>
<LoginId>adventure-works\bryan1</LoginId>
<JobTitle>Accounts Receivable Specialist</JobTitle>
<Gender>M</Gender>
<HireDate>2003-02-25</HireDate>
<BirthDate>1978-10-22</BirthDate>
<OrganizationLevel>3</OrganizationLevel>
</People>
<People>
<FirstName>Barbara</FirstName>
<MiddleName>C</MiddleName>
<LastName>Moreland</LastName>
<LoginId>adventure-works\barbara1</LoginId>
<JobTitle>Accountant</JobTitle>
<Gender>F</Gender>
<HireDate>2003-03-22</HireDate>
<BirthDate>1970-02-04</BirthDate>
<OrganizationLevel>3</OrganizationLevel>
</People>
<People>
<FirstName>Dragan</FirstName>
<MiddleName>K</MiddleName>
<LastName>Tomic</LastName>
<LoginId>adventure-works\dragan0</LoginId>
<JobTitle>Accounts Payable Specialist</JobTitle>
<Gender>M</Gender>
<HireDate>2003-03-15</HireDate>
<BirthDate>1971-03-18</BirthDate>
<OrganizationLevel>3</OrganizationLevel>
</People>
<People>
<FirstName>Janet</FirstName>
<MiddleName>L</MiddleName>
<LastName>Sheperdigian</LastName>
<LoginId>adventure-works\janet0</LoginId>
<JobTitle>Accounts Payable Specialist</JobTitle>
<Gender>F</Gender>
<HireDate>2003-04-02</HireDate>
<BirthDate>1973-04-09</BirthDate>
<OrganizationLevel>3</OrganizationLevel>
</People>
<People>
<FirstName>Mike</FirstName>
<MiddleName>K</MiddleName>
<LastName>Seamans</LastName>
<LoginId>adventure-works\mike0</LoginId>
<JobTitle>Accountant</JobTitle>
<Gender>M</Gender>
<HireDate>2003-04-09</HireDate>
<BirthDate>1973-08-01</BirthDate>
<OrganizationLevel>3</OrganizationLevel>
</People>
<People>
<FirstName>Wendy</FirstName>
<MiddleName>Beth</MiddleName>
<LastName>Kahn</LastName>
<LoginId>adventure-works\wendy0</LoginId>
<JobTitle>Finance Manager</JobTitle>
<Gender>F</Gender>
<HireDate>2003-01-26</HireDate>
<BirthDate>1978-11-12</BirthDate>
<OrganizationLevel>2</OrganizationLevel>
</People>
<People>
<FirstName>Sheela</FirstName>
<MiddleName>H</MiddleName>
<LastName>Word</LastName>
<LoginId>adventure-works\sheela0</LoginId>
<JobTitle>Purchasing Manager</JobTitle>
<Gender>F</Gender>
<HireDate>2005-03-28</HireDate>
<BirthDate>1972-03-13</BirthDate>
<OrganizationLevel>3</OrganizationLevel>
</People>
<People>
<FirstName>Mikael</FirstName>
<MiddleName>Q</MiddleName>
<LastName>Sandberg</LastName>
<LoginId>adventure-works\mikael0</LoginId>
<JobTitle>Buyer</JobTitle>
<Gender>M</Gender>
<HireDate>2003-03-14</HireDate>
<BirthDate>1978-09-18</BirthDate>
<OrganizationLevel>4</OrganizationLevel>
</People>
<People>
<FirstName>Arvind</FirstName>
<MiddleName>B</MiddleName>
<LastName>Rao</LastName>
<LoginId>adventure-works\arvind0</LoginId>
<JobTitle>Buyer</JobTitle>
<Gender>M</Gender>
<HireDate>2003-04-01</HireDate>
<BirthDate>1968-09-21</BirthDate>
<OrganizationLevel>4</OrganizationLevel>
</People>
<People>
<FirstName>Linda</FirstName>
<MiddleName>P</MiddleName>
<LastName>Meisner</LastName>
<LoginId>adventure-works\linda2</LoginId>
<JobTitle>Buyer</JobTitle>
<Gender>F</Gender>
<HireDate>2004-01-18</HireDate>
<BirthDate>1964-12-31</BirthDate>
<OrganizationLevel>4</OrganizationLevel>
</People>
<People>
<FirstName>Fukiko</FirstName>
<MiddleName>J</MiddleName>
<LastName>Ogisu</LastName>
<LoginId>adventure-works\fukiko0</LoginId>
<JobTitle>Buyer</JobTitle>
<Gender>M</Gender>
<HireDate>2004-02-05</HireDate>
<BirthDate>1964-12-25</BirthDate>
<OrganizationLevel>4</OrganizationLevel>
</People>
<People>
<FirstName>Gordon</FirstName>
<MiddleName>L</MiddleName>
<LastName>Hee</LastName>
<LoginId>adventure-works\gordon0</LoginId>
<JobTitle>Buyer</JobTitle>
<Gender>M</Gender>
<HireDate>2004-02-12</HireDate>
<BirthDate>1960-12-30</BirthDate>
<OrganizationLevel>4</OrganizationLevel>
</People>
<People>
<FirstName>Frank</FirstName>
<MiddleName>S</MiddleName>
<LastName>Pellow</LastName>
<LoginId>adventure-works\frank2</LoginId>
<JobTitle>Buyer</JobTitle>
<Gender>M</Gender>
<HireDate>2004-02-24</HireDate>
<BirthDate>1946-06-13</BirthDate>
<OrganizationLevel>4</OrganizationLevel>
</People>
<People>
<FirstName>Eric</FirstName>
<MiddleName>S</MiddleName>
<LastName>Kurjan</LastName>
<LoginId>adventure-works\eric2</LoginId>
<JobTitle>Buyer</JobTitle>
<Gender>M</Gender>
<HireDate>2004-02-28</HireDate>
<BirthDate>1966-10-19</BirthDate>
<OrganizationLevel>4</OrganizationLevel>
</People>
<People>
<FirstName>Erin</FirstName>
<MiddleName>M</MiddleName>
<LastName>Hagens</LastName>
<LoginId>adventure-works\erin0</LoginId>
<JobTitle>Buyer</JobTitle>
<Gender>F</Gender>
<HireDate>2004-03-03</HireDate>
<BirthDate>1965-02-04</BirthDate>
<OrganizationLevel>4</OrganizationLevel>
</People>
<People>
<FirstName>Ben</FirstName>
<MiddleName>T</MiddleName>
<LastName>Miller</LastName>
<LoginId>adventure-works\ben0</LoginId>
<JobTitle>Buyer</JobTitle>
<Gender>M</Gender>
<HireDate>2004-04-09</HireDate>
<BirthDate>1967-07-05</BirthDate>
<OrganizationLevel>4</OrganizationLevel>
</People>
<People>
<FirstName>Annette</FirstName>
<MiddleName>L</MiddleName>
<LastName>Hill</LastName>
<LoginId>adventure-works\annette0</LoginId>
<JobTitle>Purchasing Assistant</JobTitle>
<Gender>F</Gender>
<HireDate>2005-01-06</HireDate>
<BirthDate>1972-03-01</BirthDate>
<OrganizationLevel>4</OrganizationLevel>
</People>
<People>
<FirstName>Reinout</FirstName>
<MiddleName>N</MiddleName>
<LastName>Hillmann</LastName>
<LoginId>adventure-works\reinout0</LoginId>
<JobTitle>Purchasing Assistant</JobTitle>
<Gender>M</Gender>
<HireDate>2005-01-25</HireDate>
<BirthDate>1972-02-18</BirthDate>
<OrganizationLevel>4</OrganizationLevel>
</People>
<People>
<FirstName>David</FirstName>
<MiddleName>M</MiddleName>
<LastName>Barber</LastName>
<LoginId>adventure-works\david5</LoginId>
<JobTitle>Assistant to the Chief Financial Officer</JobTitle>
<Gender>M</Gender>
<HireDate>2003-02-13</HireDate>
<BirthDate>1958-07-23</BirthDate>
<OrganizationLevel>2</OrganizationLevel>
</People>
<People>
<FirstName>Jean</FirstName>
<MiddleName>E</MiddleName>
<LastName>Trenary</LastName>
<LoginId>adventure-works\jean0</LoginId>
<JobTitle>Information Services Manager</JobTitle>
<Gender>F</Gender>
<HireDate>2003-01-12</HireDate>
<BirthDate>1970-01-13</BirthDate>
<OrganizationLevel>1</OrganizationLevel>
</People>
<People>
<FirstName>Stephanie</FirstName>
<MiddleName>A</MiddleName>
<LastName>Conroy</LastName>
<LoginId>adventure-works\stephanie0</LoginId>
<JobTitle>Network Manager</JobTitle>
<Gender>F</Gender>
<HireDate>2003-03-08</HireDate>
<BirthDate>1978-04-26</BirthDate>
<OrganizationLevel>2</OrganizationLevel>
</People>
<People>
<FirstName>Ashvini</FirstName>
<MiddleName>R</MiddleName>
<LastName>Sharma</LastName>
<LoginId>adventure-works\ashvini0</LoginId>
<JobTitle>Network Administrator</JobTitle>
<Gender>M</Gender>
<HireDate>2003-01-05</HireDate>
<BirthDate>1971-04-28</BirthDate>
<OrganizationLevel>3</OrganizationLevel>
</People>
<People>
<FirstName>Peter</FirstName>
<MiddleName>I</MiddleName>
<LastName>Connelly</LastName>
<LoginId>adventure-works\peter1</LoginId>
<JobTitle>Network Administrator</JobTitle>
<Gender>M</Gender>
<HireDate>2003-03-27</HireDate>
<BirthDate>1974-06-29</BirthDate>
<OrganizationLevel>3</OrganizationLevel>
</People>
<People>
<FirstName>Karen</FirstName>
<MiddleName>A</MiddleName>
<LastName>Berg</LastName>
<LoginId>adventure-works\karen1</LoginId>
<JobTitle>Application Specialist</JobTitle>
<Gender>F</Gender>
<HireDate>2003-03-20</HireDate>
<BirthDate>1972-06-19</BirthDate>
<OrganizationLevel>2</OrganizationLevel>
</People>
<People>
<FirstName>Ramesh</FirstName>
<MiddleName>V</MiddleName>
<LastName>Meyyappan</LastName>
<LoginId>adventure-works\ramesh0</LoginId>
<JobTitle>Application Specialist</JobTitle>
<Gender>M</Gender>
<HireDate>2003-03-07</HireDate>
<BirthDate>1982-04-14</BirthDate>
<OrganizationLevel>2</OrganizationLevel>
</People>
<People>
<FirstName>Dan</FirstName>
<MiddleName>K</MiddleName>
<LastName>Bacon</LastName>
<LoginId>adventure-works\dan0</LoginId>
<JobTitle>Application Specialist</JobTitle>
<Gender>M</Gender>
<HireDate>2003-02-12</HireDate>
<BirthDate>1975-07-28</BirthDate>
<OrganizationLevel>2</OrganizationLevel>
</People>
<People>
<FirstName>François</FirstName>
<MiddleName>P</MiddleName>
<LastName>Ajenstat</LastName>
<LoginId>adventure-works\françois0</LoginId>
<JobTitle>Database Administrator</JobTitle>
<Gender>M</Gender>
<HireDate>2003-02-18</HireDate>
<BirthDate>1969-06-17</BirthDate>
<OrganizationLevel>2</OrganizationLevel>
</People>
<People>
<FirstName>Dan</FirstName>
<MiddleName>B</MiddleName>
<LastName>Wilson</LastName>
<LoginId>adventure-works\dan1</LoginId>
<JobTitle>Database Administrator</JobTitle>
<Gender>M</Gender>
<HireDate>2003-02-23</HireDate>
<BirthDate>1970-02-06</BirthDate>
<OrganizationLevel>2</OrganizationLevel>
</People>
<People>
<FirstName>Janaina</FirstName>
<MiddleName>Barreiro Gambaro</MiddleName>
<LastName>Bueno</LastName>
<LoginId>adventure-works\janaina0</LoginId>
<JobTitle>Application Specialist</JobTitle>
<Gender>F</Gender>
<HireDate>2003-01-24</HireDate>
<BirthDate>1979-03-03</BirthDate>
<OrganizationLevel>2</OrganizationLevel>
</People>
<People>
<FirstName>Brian</FirstName>
<Title>Mr.</Title>
<MiddleName>S</MiddleName>
<LastName>Welcker</LastName>
<LoginId>adventure-works\brian3</LoginId>
<JobTitle>Vice President of Sales</JobTitle>
<Gender>M</Gender>
<HireDate>2005-03-18</HireDate>
<BirthDate>1971-07-08</BirthDate>
<OrganizationLevel>1</OrganizationLevel>
</People>
<People>
<FirstName>Stephen</FirstName>
<MiddleName>Y</MiddleName>
<LastName>Jiang</LastName>
<LoginId>adventure-works\stephen0</LoginId>
<JobTitle>North American Sales Manager</JobTitle>
<Gender>M</Gender>
<HireDate>2005-02-04</HireDate>
<BirthDate>1945-11-17</BirthDate>
<OrganizationLevel>2</OrganizationLevel>
</People>
<People>
<FirstName>Michael</FirstName>
<MiddleName>G</MiddleName>
<LastName>Blythe</LastName>
<LoginId>adventure-works\michael9</LoginId>
<JobTitle>Sales Representative</JobTitle>
<Gender>M</Gender>
<HireDate>2005-07-01</HireDate>
<BirthDate>1963-01-26</BirthDate>
<OrganizationLevel>3</OrganizationLevel>
</People>
<People>
<FirstName>Linda</FirstName>
<MiddleName>C</MiddleName>
<LastName>Mitchell</LastName>
<LoginId>adventure-works\linda3</LoginId>
<JobTitle>Sales Representative</JobTitle>
<Gender>F</Gender>
<HireDate>2005-07-01</HireDate>
<BirthDate>1974-03-30</BirthDate>
<OrganizationLevel>3</OrganizationLevel>
</People>
<People>
<FirstName>Jillian</FirstName>
<LastName>Carson</LastName>
<LoginId>adventure-works\jillian0</LoginId>
<JobTitle>Sales Representative</JobTitle>
<Gender>F</Gender>
<HireDate>2005-07-01</HireDate>
<BirthDate>1956-09-29</BirthDate>
<OrganizationLevel>3</OrganizationLevel>
</People>
<People>
<FirstName>Garrett</FirstName>
<MiddleName>R</MiddleName>
<LastName>Vargas</LastName>
<LoginId>adventure-works\garrett1</LoginId>
<JobTitle>Sales Representative</JobTitle>
<Gender>M</Gender>
<HireDate>2005-07-01</HireDate>
<BirthDate>1969-03-07</BirthDate>
<OrganizationLevel>3</OrganizationLevel>
</People>
<People>
<FirstName>Tsvi</FirstName>
<MiddleName>Michael</MiddleName>
<LastName>Reiter</LastName>
<LoginId>adventure-works\tsvi0</LoginId>
<JobTitle>Sales Representative</JobTitle>
<Gender>M</Gender>
<HireDate>2005-07-01</HireDate>
<BirthDate>1968-02-19</BirthDate>
<OrganizationLevel>3</OrganizationLevel>
</People>
<People>
<FirstName>Pamela</FirstName>
<MiddleName>O</MiddleName>
<LastName>Ansman-Wolfe</LastName>
<LoginId>adventure-works\pamela0</LoginId>
<JobTitle>Sales Representative</JobTitle>
<Gender>F</Gender>
<HireDate>2005-07-01</HireDate>
<BirthDate>1969-01-06</BirthDate>
<OrganizationLevel>3</OrganizationLevel>
</People>
<People>
<FirstName>Shu</FirstName>
<MiddleName>K</MiddleName>
<LastName>Ito</LastName>
<LoginId>adventure-works\shu0</LoginId>
<JobTitle>Sales Representative</JobTitle>
<Gender>M</Gender>
<HireDate>2005-07-01</HireDate>
<BirthDate>1962-04-10</BirthDate>
<OrganizationLevel>3</OrganizationLevel>
</People>
<People>
<FirstName>José</FirstName>
<MiddleName>Edvaldo</MiddleName>
<LastName>Saraiva</LastName>
<LoginId>adventure-works\josé1</LoginId>
<JobTitle>Sales Representative</JobTitle>
<Gender>M</Gender>
<HireDate>2005-07-01</HireDate>
<BirthDate>1958-01-11</BirthDate>
<OrganizationLevel>3</OrganizationLevel>
</People>
<People>
<FirstName>David</FirstName>
<MiddleName>R</MiddleName>
<LastName>Campbell</LastName>
<LoginId>adventure-works\david8</LoginId>
<JobTitle>Sales Representative</JobTitle>
<Gender>M</Gender>
<HireDate>2005-07-01</HireDate>
<BirthDate>1968-03-14</BirthDate>
<OrganizationLevel>3</OrganizationLevel>
</People>
<People>
<FirstName>Tete</FirstName>
<Title>Mr.</Title>
<MiddleName>A</MiddleName>
<LastName>Mensa-Annan</LastName>
<LoginId>adventure-works\tete0</LoginId>
<JobTitle>Sales Representative</JobTitle>
<Gender>M</Gender>
<HireDate>2006-11-01</HireDate>
<BirthDate>1972-02-06</BirthDate>
<OrganizationLevel>3</OrganizationLevel>
</People>
<People>
<FirstName>Syed</FirstName>
<Title>Mr.</Title>
<MiddleName>E</MiddleName>
<LastName>Abbas</LastName>
<LoginId>adventure-works\syed0</LoginId>
<JobTitle>Pacific Sales Manager</JobTitle>
<Gender>M</Gender>
<HireDate>2007-04-15</HireDate>
<BirthDate>1969-02-11</BirthDate>
<OrganizationLevel>2</OrganizationLevel>
</People>
<People>
<FirstName>Lynn</FirstName>
<MiddleName>N</MiddleName>
<LastName>Tsoflias</LastName>
<LoginId>adventure-works\lynn0</LoginId>
<JobTitle>Sales Representative</JobTitle>
<Gender>F</Gender>
<HireDate>2007-07-01</HireDate>
<BirthDate>1965-04-18</BirthDate>
<OrganizationLevel>3</OrganizationLevel>
</People>
<People>
<FirstName>Amy</FirstName>
<MiddleName>E</MiddleName>
<LastName>Alberts</LastName>
<LoginId>adventure-works\amy0</LoginId>
<JobTitle>European Sales Manager</JobTitle>
<Gender>F</Gender>
<HireDate>2006-05-18</HireDate>
<BirthDate>1951-10-22</BirthDate>
<OrganizationLevel>2</OrganizationLevel>
</People>
<People>
<FirstName>Rachel</FirstName>
<MiddleName>B</MiddleName>
<LastName>Valdez</LastName>
<LoginId>adventure-works\rachel0</LoginId>
<JobTitle>Sales Representative</JobTitle>
<Gender>F</Gender>
<HireDate>2007-07-01</HireDate>
<BirthDate>1969-08-09</BirthDate>
<OrganizationLevel>3</OrganizationLevel>
</People>
<People>
<FirstName>Jae</FirstName>
<MiddleName>B</MiddleName>
<LastName>Pak</LastName>
<LoginId>adventure-works\jae0</LoginId>
<JobTitle>Sales Representative</JobTitle>
<Gender>F</Gender>
<HireDate>2006-07-01</HireDate>
<BirthDate>1962-04-18</BirthDate>
<OrganizationLevel>3</OrganizationLevel>
</People>
<People>
<FirstName>Ranjit</FirstName>
<MiddleName>R</MiddleName>
<LastName>Varkey Chudukatil</LastName>
<LoginId>adventure-works\ranjit0</LoginId>
<JobTitle>Sales Representative</JobTitle>
<Gender>M</Gender>
<HireDate>2006-07-01</HireDate>
<BirthDate>1969-10-31</BirthDate>
<OrganizationLevel>3</OrganizationLevel>
</People>
</dataroot>
